"46123","33951","222","50709","12916","469","76833","1654","402649","299566","1055323","240233","1375","416916","110934","239934","507","239759","222991","419014","361177","1029631","165779","156454","109326","92793","69278","391952","28263","217140","28196","1042314","1663","2152","76890","1380","292480","2836","1386","816","958","1678","35832","38501","572511","517","138","85413","43668","374","1696","41275","118747","32008","830","233191","194","1016","2717","135858","43996","75","82202","3041","59732","1077264","501783","1485","202907","283","33042","1716","776","69578","84162","2896","106589","2034","281915","73029","400947","1298","80865","36739","57495","79206","872","39948","238749","37914","29393","231454","156973","538","308865","212791","547","1350","35810","620","1730","66831","216851","236752","88875","1004303","555078","861914","44259","649460","150022","237","946234","332102","96492","848","2701","1378","113","173479","44675","2053","644652","133154","133141","1117","117563","724","2349","52228","2745","209","963","303379","404402","53460","224455","47420","89966","81","467975","36862","682522","29580","227979","43994","32257","57493","204476","1578","1357","319458","445","256846","32067","665874","400634","68","13134","623276","86795","149698","158846","906","200677","316612","407","33882","1269","2050","88138","86331","475","437755","423349","1161127","1763","2093","482","57494","64001","1234","1839","165696","221218","528","283168","133925","265975","219181","346096","93217","265","543311","86004","84567","47494","335058","2740","162289","1257","661182","28236","20","909656","666508","28100","985001","118","52972","44013","1111","836","838","1743","203133","48463","354349","286","1847","113286","638847","48736","33886","67575","212743","379","1241326","1060","1827","28065","1070","780","588605","93681","125216","32207","42255","100133","1200657","235888","180541","196081","656899","55506","504481","970","613","22","323620","177971","71","466152","59613","84108","168808","123375","944321","134549","2056","28453","165695","13687","107","165812","1569","1279","40323","34104","1301","35493","40840","286130","57665","95818","195950","296051","72763","141948","270","157","2038","332248","191303","401469","2129","160795","34072","1146841","29465","662","46255","85043","843","338","600332","349","417127","12908"
0,0,0,0,4,0,0,10,0,0,0,0,0,0,0,0,0,0,0,0,0,0,15,0,0,1,0,0,0,0,0,0,2,0,0,0,0,0,0,0,0,0,0,0,0,0,17,0,0,0,0,0,0,20,0,0,0,0,0,0,0,0,0,0,0,0,6,0,0,0,0,63,0,0,0,0,0,0,0,0,0,0,0,0,0,0,0,0,17,0,0,0,0,0,0,0,0,0,0,2,0,0,0,0,0,0,0,0,0,0,0,55,0,0,0,1,4,0,0,0,0,0,0,0,0,0,0,0,0,0,0,0,0,0,0,0,0,13,0,0,0,0,0,0,0,0,0,0,0,143,0,0,0,0,0,1,0,0,0,0,0,0,0,0,3,0,7,16,0,0,0,0,0,0,0,0,0,0,0,0,0,0,0,0,0,0,0,0,0,0,0,0,0,0,0,0,0,1,0,0,1,0,0,0,0,0,0,0,0,0,0,0,0,21,5,0,0,0,12,0,0,0,0,0,0,11,0,0,0,0,0,0,39,0,0,0,0,0,0,0,0,0,0,0,0,0,0,0,0,0,0,0,0,0,0,0,0,0,0,0,7,2,0,0,0,0,1,2,0,0,0,0,0,0,0,0,0,0,0,0,0,0,0,0,0,0,0,0,0,0,0,0,0,0,0,0,2,0,141
0,0,0,0,4,6,0,0,0,0,0,0,0,0,0,0,0,0,0,0,0,0,0,0,0,7,0,0,0,1,0,0,2,0,0,6,0,0,17,0,0,0,0,0,0,0,0,0,0,0,0,0,0,1,0,0,0,0,0,0,0,0,0,0,0,0,0,0,0,0,0,85,0,0,0,0,0,9,0,0,0,0,0,0,0,0,0,0,0,0,0,0,0,0,0,0,0,14,0,103,0,0,0,0,0,0,0,0,0,0,0,100,0,2,0,1,0,0,0,0,0,0,0,0,0,0,0,0,0,0,11,0,0,0,0,0,0,0,0,0,0,0,0,0,0,0,0,2,0,172,1,0,0,0,0,0,0,0,0,0,0,0,0,0,1,0,4,4,0,0,0,0,0,9,0,0,0,0,0,0,0,0,0,0,3,0,0,0,0,0,0,0,0,0,0,0,0,0,0,0,0,0,0,0,0,0,0,0,0,0,0,0,3,15,36,0,0,0,0,0,0,0,0,0,0,0,0,0,0,0,0,0,0,0,0,0,0,0,0,0,0,0,0,0,0,0,0,0,0,0,0,0,0,0,0,0,0,0,0,0,0,0,3,0,0,0,3,4,0,11,3,0,0,0,1,0,0,0,0,0,0,765,0,9,0,0,0,0,0,2,0,0,0,0,0,0,0,0,1544
0,0,0,0,14,0,0,0,0,0,0,0,0,0,0,0,0,0,0,0,0,0,0,0,0,0,0,0,0,3,0,0,14,0,0,0,34,0,10,0,0,0,0,0,0,0,0,0,0,0,0,0,0,4,0,0,0,0,0,0,0,0,0,0,0,10,0,3,0,0,0,117,0,0,0,0,0,0,25,0,0,0,3,0,0,0,0,0,0,0,0,0,0,0,0,0,0,0,0,1,0,0,0,0,0,0,0,9,0,0,0,694,0,0,0,0,0,0,0,0,0,0,0,0,0,0,0,0,0,0,0,0,0,0,0,0,0,0,0,0,0,0,0,0,0,0,0,0,0,371,0,0,0,0,0,12,0,0,0,0,0,0,0,0,26,0,0,11,0,0,0,0,0,0,0,0,0,0,0,0,0,0,0,0,4,0,0,0,0,0,0,0,0,0,0,0,0,5,0,0,0,0,0,0,0,0,0,0,0,0,0,0,0,1,26,0,0,0,14,0,0,0,5,0,0,0,0,0,0,0,18,0,0,0,0,0,0,0,0,0,0,0,0,0,0,0,0,0,0,0,0,0,0,0,0,0,0,0,0,0,0,0,2,0,0,0,30,28,0,45,0,0,0,0,18,0,0,0,0,0,0,1,0,0,20,0,0,0,0,0,0,0,0,0,0,0,0,0,208
0,0,0,0,12,0,0,46,0,0,0,0,0,0,0,0,0,0,0,0,0,0,0,0,0,0,0,0,0,0,0,0,4,0,0,0,0,0,0,0,1,0,0,0,0,0,0,0,0,60,0,0,0,0,0,0,0,1,0,0,0,0,0,0,6,0,20,0,0,0,0,0,0,0,0,0,0,0,6,0,0,0,0,0,0,0,0,0,14,0,0,0,0,0,0,0,0,0,0,0,0,0,0,0,0,0,0,0,0,0,0,341,0,0,0,0,0,5,0,0,0,0,0,0,0,0,0,0,0,2,0,0,0,0,0,0,0,0,0,0,0,0,0,0,0,0,0,0,0,91,0,0,0,0,0,10,0,0,0,0,0,0,0,0,21,0,49,0,0,0,0,0,0,0,0,0,0,0,0,0,0,0,0,0,61,1,0,0,0,0,0,0,0,0,0,0,0,0,0,0,0,0,0,0,0,0,0,0,0,0,6,0,7,2,3,0,0,0,0,0,0,0,0,0,0,0,2,0,0,0,0,0,44,0,0,0,0,0,16,0,0,0,0,0,0,0,0,0,0,0,0,0,0,0,0,52,0,0,0,0,0,0,0,0,0,0,0,0,0,72,0,0,0,0,0,0,0,0,0,0,0,1,0,0,0,0,0,0,0,0,0,0,0,0,0,0,11,0,210
0,6,0,0,38,0,0,0,0,0,0,0,0,0,0,0,0,0,0,0,0,0,17,0,0,0,0,0,0,0,0,0,10,0,0,17,0,3,0,0,1,0,0,0,0,0,57,0,0,48,0,0,0,9,0,0,0,0,0,0,1,1,0,0,0,0,0,0,0,0,0,175,0,0,0,0,0,0,3,0,0,0,0,0,0,0,0,0,0,0,0,0,0,0,0,0,0,10,0,1,0,0,12,0,0,0,0,0,0,0,0,244,0,0,0,0,2,0,0,0,0,0,0,0,8,0,0,0,0,0,0,0,0,0,0,0,0,0,0,0,8,0,0,17,0,0,0,0,0,460,0,0,0,0,0,19,0,0,0,0,0,13,0,0,3,0,0,29,0,0,0,0,0,0,2,0,12,0,0,0,0,0,0,0,12,9,0,0,1,0,2,0,0,0,0,0,61,0,0,10,0,0,0,0,0,0,0,0,0,0,0,0,0,80,31,0,0,0,46,0,0,0,0,0,0,0,3,0,0,0,0,17,51,0,0,0,0,0,0,0,0,0,0,0,0,3,0,0,0,0,0,0,0,0,0,0,0,0,0,0,15,0,26,0,0,0,13,16,0,12,0,0,0,0,11,0,0,0,0,0,0,1954,0,0,0,0,0,0,0,13,0,0,12,0,0,0,0,0,417
0,0,0,0,74,1,0,48,0,0,0,0,0,0,0,0,0,0,0,0,0,0,47,0,0,0,0,0,0,0,0,0,15,0,0,0,0,0,0,0,0,0,0,0,0,0,0,0,0,10,0,0,0,13,0,0,21,0,0,0,0,0,0,0,0,0,0,74,0,0,0,23,0,1,0,0,0,0,33,0,0,0,34,0,0,0,0,0,1,37,0,0,9,0,0,0,0,0,0,2,0,0,0,0,0,0,0,0,0,0,0,773,0,8,0,0,0,0,0,0,0,0,0,0,0,0,4,0,0,0,0,0,0,0,0,0,0,22,0,0,0,0,0,5,0,0,0,0,0,186,0,0,0,0,0,72,0,0,0,0,0,0,0,42,0,0,12,17,0,0,0,0,0,0,0,0,0,0,2,0,0,0,0,0,11,0,0,0,13,0,11,0,0,0,0,0,0,0,0,0,0,0,0,0,0,0,0,0,0,0,15,0,0,154,75,0,0,0,38,0,0,0,69,0,0,0,0,0,0,0,0,0,95,0,0,1,10,0,0,0,0,0,0,0,0,4,0,0,0,0,0,0,0,0,0,0,0,0,0,0,0,7,0,0,0,19,0,31,0,189,0,0,0,7,15,0,0,0,0,0,0,1,0,0,11,0,0,0,0,171,0,0,15,0,0,0,20,0,475
0,0,3,0,1,0,0,0,0,0,0,0,0,0,0,0,0,0,0,0,0,0,0,0,0,0,0,0,0,0,0,0,0,0,0,10,0,0,0,0,0,0,0,0,1,0,5,2,0,0,0,0,0,2,0,0,0,0,0,0,1,0,0,0,9,0,0,41,0,0,0,1,0,0,0,0,0,0,2,0,0,0,0,0,0,0,0,0,0,0,0,0,0,0,0,0,0,0,0,0,0,0,0,0,0,0,0,0,0,0,0,178,0,1,0,1,0,0,0,0,0,0,0,0,0,0,0,0,0,0,0,0,0,0,0,0,0,0,0,0,0,0,0,0,0,0,0,0,0,82,0,0,0,0,0,0,0,0,0,0,0,0,0,0,0,0,7,6,0,0,0,0,0,0,0,0,0,0,0,0,0,0,0,0,2,0,0,0,0,0,0,0,0,0,0,0,0,8,0,0,0,0,0,0,0,0,0,0,0,0,0,0,0,2,12,0,0,0,0,0,0,0,0,0,0,0,0,0,0,4,0,0,30,0,0,0,0,0,0,0,0,0,0,0,0,2,0,0,0,0,0,0,0,0,0,0,0,0,0,0,0,0,0,0,0,0,0,0,0,3268,0,0,0,0,6,0,0,0,0,0,0,0,0,0,0,0,0,0,0,5,0,0,0,0,0,0,0,0,82
0,0,0,0,13,0,0,49,0,0,0,0,0,0,0,0,0,0,0,0,0,0,0,0,0,0,0,0,0,0,0,0,52,0,0,0,0,6,0,0,0,0,0,0,0,0,0,0,0,0,0,0,0,15,0,0,0,0,0,0,0,0,0,0,15,0,0,0,0,0,0,60,0,0,0,0,0,0,50,1,0,0,0,0,0,0,0,0,0,0,0,0,0,0,0,0,0,0,0,18,0,0,0,0,0,0,0,0,0,0,0,1475,0,0,0,0,0,1,0,0,0,0,0,0,0,0,1,0,0,0,0,0,0,0,0,0,0,0,0,35,2,31,0,0,0,0,0,0,0,243,0,0,0,0,0,84,0,0,0,0,0,0,0,0,0,0,0,13,0,0,0,0,0,0,0,0,8,0,0,0,0,0,0,0,54,0,0,0,0,0,30,0,0,0,0,0,0,0,0,0,0,0,0,0,0,1,0,0,0,21,0,0,5,36,15,0,0,0,41,0,0,0,0,0,0,0,0,0,0,0,0,0,0,0,0,0,0,0,27,0,0,0,0,0,0,11,0,0,0,0,0,0,0,0,0,0,0,0,0,0,0,0,98,0,0,0,3,0,0,19,0,0,0,0,11,0,0,0,0,0,0,0,0,0,0,0,0,0,0,0,0,0,0,0,7,0,22,0,669
0,0,1,0,0,0,0,0,0,0,0,0,0,0,0,0,0,4,0,0,0,0,11,26,0,1,0,0,0,1,0,0,2,0,0,38,0,0,0,29,0,0,0,2,10,0,32,1,0,0,0,0,0,3,0,0,0,1,0,0,0,0,0,0,2,0,0,4,0,0,0,76,0,0,2,0,0,0,0,0,0,0,0,0,0,0,0,8,6,0,0,0,0,0,0,0,0,6,0,3,31,0,0,0,0,0,0,0,0,0,0,120,0,0,0,263,2,26,0,0,0,0,0,0,0,0,187,0,0,3,0,0,0,0,0,0,0,0,0,0,0,0,0,0,0,0,0,0,0,374,0,0,0,0,10,3,0,0,0,0,0,0,0,0,1,0,12,3,0,0,0,5,0,7,0,0,6,5,123,0,0,0,0,0,0,0,0,0,0,0,1,0,0,119,0,0,1,0,0,4,0,0,0,0,0,0,0,0,0,0,0,0,1618,140,13,0,0,0,15,1,0,0,0,0,0,6,0,0,0,4,0,0,37,0,0,0,6,0,0,0,0,0,0,0,0,0,0,0,0,0,15,0,2,1,2,0,9,0,0,0,0,1,6,0,0,0,972,2,0,178,0,0,0,0,3,19,0,0,0,0,0,0,0,0,2,8,0,0,0,9,0,0,0,0,0,0,0,0,312
0,0,0,0,25,0,0,28,0,0,0,0,0,0,0,0,0,0,0,0,0,0,31,0,0,17,0,0,0,0,0,0,14,0,0,0,0,0,0,3,10,0,0,0,0,0,39,0,0,7,0,0,0,26,0,0,0,0,0,0,13,0,0,0,0,0,26,0,0,0,0,69,0,0,0,0,1,0,17,4,0,0,0,0,0,0,0,0,10,0,0,0,0,0,0,0,0,0,0,5,0,0,0,0,0,0,0,0,19,0,36,496,0,3,0,4,0,0,0,0,0,0,0,0,0,0,36,1,0,0,0,0,0,0,0,0,0,0,0,0,0,0,0,5,0,0,0,0,0,328,0,0,0,0,1,1,0,0,0,0,0,0,0,7,0,0,12,6,0,0,0,0,0,0,0,0,0,0,0,0,0,0,0,0,24,0,0,0,27,0,4,0,0,0,0,0,0,1,0,0,0,0,0,0,0,0,0,0,0,0,0,0,14,49,20,0,0,0,11,0,0,0,6,0,0,0,0,0,0,0,0,0,13,0,0,0,11,0,7,0,0,0,0,0,0,0,0,0,0,0,0,0,0,0,0,0,1,4,0,0,0,0,6,0,0,0,24,26,0,369,0,0,0,6,24,0,0,0,0,0,0,0,0,0,0,0,0,0,0,28,0,0,0,0,0,0,0,0,400
0,0,15,0,23,0,0,48,0,0,0,0,0,0,0,0,0,0,0,0,0,6,42,0,0,0,0,0,0,0,0,0,0,0,0,17,0,0,0,0,0,0,0,0,0,0,85,0,0,79,0,0,0,9,0,0,0,10,0,0,0,0,0,0,0,0,0,26,0,0,8,177,0,0,0,0,0,0,26,0,0,0,0,0,0,0,0,0,0,0,16,0,0,0,0,0,0,0,0,17,0,0,22,0,1,3,0,0,0,3,0,205,0,0,0,16,0,91,0,0,0,0,0,0,0,0,23,1,0,0,0,0,0,0,0,0,0,0,0,0,0,0,0,0,0,0,0,0,0,602,0,0,0,0,0,2,0,0,0,0,13,0,0,0,0,0,7,20,0,42,0,0,0,0,0,0,0,0,11,0,0,0,0,0,10,16,0,0,0,0,0,0,0,0,1,0,1,56,0,0,0,0,0,0,0,0,0,0,0,0,0,0,14,61,82,0,0,0,46,0,0,0,0,0,0,0,0,0,0,0,0,9,70,0,0,43,66,0,0,0,0,0,0,0,0,0,0,0,0,0,0,0,0,0,0,0,0,0,0,0,13,3,0,0,0,0,156,16,0,175,0,0,0,0,0,0,0,0,0,0,32,0,0,0,0,0,0,0,0,78,0,0,0,0,0,0,0,0,723
0,0,0,0,16,0,0,16,0,0,47,0,0,0,0,0,0,0,1,0,0,0,68,0,0,25,0,0,0,0,0,16,17,0,0,0,0,0,0,0,0,0,0,0,0,0,55,0,0,58,0,0,0,68,0,0,0,0,0,0,0,0,0,28,0,0,8,15,0,0,0,100,0,0,0,0,0,0,19,6,0,0,4,0,0,0,0,0,0,13,0,0,0,0,0,0,0,0,0,9,0,0,0,0,0,0,0,0,0,0,0,1018,0,0,0,0,0,0,0,0,0,0,0,0,0,0,0,0,0,0,0,0,0,28,0,0,0,0,0,0,5,0,0,0,0,0,0,0,0,344,0,7,7,0,0,16,0,13,0,0,0,5,0,0,11,0,53,13,0,0,0,0,0,0,0,0,0,0,0,0,0,0,0,0,15,0,0,0,0,0,26,0,0,20,0,0,0,22,0,0,0,0,0,0,0,0,0,0,0,0,0,0,0,47,30,0,0,0,4,0,0,0,26,3,0,0,70,0,0,18,0,0,37,0,0,0,0,0,0,0,0,0,0,0,0,0,1,0,0,0,0,0,0,0,0,0,0,0,0,0,0,0,13,0,0,0,73,0,0,356,0,0,0,0,6,0,0,0,0,0,0,0,0,0,0,0,0,0,0,8,0,0,4,0,0,0,0,0,561
0,0,0,0,0,0,0,0,0,0,0,0,0,0,0,0,0,0,0,0,0,0,0,0,0,0,0,0,0,0,0,0,0,0,0,0,0,0,0,0,0,0,0,0,0,0,0,0,0,0,0,0,0,0,0,0,0,0,0,0,0,0,0,0,0,0,0,0,0,0,0,0,0,0,0,0,0,0,0,0,0,0,0,0,0,0,0,0,0,0,0,0,0,0,0,0,0,0,0,0,0,0,0,0,0,0,0,0,0,0,0,0,0,0,0,0,0,0,0,0,0,0,0,0,0,0,0,0,0,0,0,0,0,0,0,0,0,0,0,0,0,0,0,0,0,0,0,0,0,1,0,0,0,0,0,0,0,0,0,0,0,0,0,0,0,0,0,0,0,0,0,0,0,0,0,0,0,0,0,0,0,0,0,0,0,0,0,0,0,0,0,0,0,0,0,0,0,0,0,0,0,0,0,0,0,0,0,0,0,0,0,0,0,0,0,0,0,0,0,0,0,0,0,0,0,0,0,0,0,0,0,0,0,0,0,0,0,0,0,0,0,0,0,0,0,0,0,0,0,0,0,0,0,0,0,0,0,0,0,0,0,0,0,0,0,0,0,0,0,0,0,0,0,0,0,0,0,0,0,0,0,0,0,0,0,0,0,0,0,0,0,0,0,0,0,0,0,0,0
0,0,0,0,0,1,0,32,0,0,0,0,0,0,0,0,0,0,0,0,0,0,18,0,0,14,0,0,0,0,0,0,40,0,0,21,0,0,21,0,7,0,0,0,0,0,110,0,0,14,0,0,0,24,0,0,7,10,0,0,37,0,0,0,3,0,0,39,0,0,0,64,0,0,0,0,2,0,21,11,0,0,0,0,0,0,0,0,0,0,0,0,0,0,0,0,0,0,0,12,0,0,0,0,0,0,0,0,0,0,39,612,0,2,0,185,11,36,0,0,0,0,0,0,0,0,0,0,0,0,0,0,7,0,0,0,0,0,0,0,0,9,0,0,0,0,0,0,3,302,0,0,0,0,16,15,0,0,0,0,0,1,0,47,0,0,154,2,0,0,0,0,0,0,0,0,0,0,0,0,0,0,0,0,13,12,0,0,0,0,0,0,0,11,0,0,0,0,0,18,0,0,0,0,0,0,0,0,9,0,0,0,3,44,21,0,0,0,12,0,0,0,0,0,0,0,0,0,0,0,0,0,35,0,0,0,0,0,29,0,0,0,0,0,0,0,12,0,0,0,0,0,0,0,0,18,0,0,0,0,0,0,14,0,0,0,18,5,0,50,0,0,0,0,67,0,0,0,0,0,0,0,0,0,0,0,0,9,0,21,0,0,0,0,0,0,0,0,441
0,5,0,0,29,0,10,87,0,0,0,0,0,0,0,0,0,0,0,0,0,0,8,0,0,19,1,0,0,0,0,0,15,0,0,73,0,0,0,0,0,0,0,0,0,0,4,0,0,11,0,0,0,26,0,0,4,0,0,13,17,0,0,0,0,0,1,20,4,0,0,140,0,0,0,0,0,0,20,0,0,0,0,0,0,0,0,0,13,0,0,0,0,0,0,0,0,21,6,10,8,0,0,0,0,0,0,0,0,0,0,516,0,0,0,61,0,0,0,0,0,0,0,0,0,0,51,0,0,0,0,0,0,0,0,0,0,13,0,0,0,0,0,7,0,0,0,0,0,270,0,0,6,0,21,1,0,0,0,0,0,0,0,60,2,0,6,17,0,0,0,0,0,23,0,0,0,1,0,0,0,0,5,0,13,0,0,0,25,0,0,0,0,0,0,0,10,12,0,10,7,0,0,8,0,0,0,0,0,0,4,0,24,790,47,0,0,0,50,0,0,0,0,0,0,0,0,0,0,0,0,0,30,0,0,0,18,0,10,0,0,0,0,0,0,0,0,0,0,0,0,0,0,0,0,0,0,0,0,0,0,0,0,0,0,0,4,10,0,483,0,0,0,0,21,0,0,0,0,0,0,1,0,0,0,15,0,2,0,464,0,0,0,0,0,0,8,0,477
0,0,0,0,0,0,0,12,0,0,0,0,0,0,0,0,0,0,0,0,3,0,0,0,0,15,0,0,0,0,0,0,4,0,1,0,0,0,0,0,0,0,0,0,0,0,25,0,0,0,0,0,0,8,0,0,7,0,0,0,3,0,0,0,7,0,5,0,0,0,0,58,0,0,0,0,0,0,16,0,0,0,0,0,0,0,1,13,4,0,0,0,0,0,0,0,0,0,0,3,0,0,0,0,0,0,0,0,0,0,0,208,0,0,0,66,0,0,0,0,0,0,0,0,0,0,11,0,0,0,0,0,0,0,0,0,0,0,0,0,0,0,0,0,0,0,0,0,0,118,0,0,0,0,0,5,0,0,0,0,0,0,0,12,3,0,26,0,0,0,0,0,0,10,0,10,0,0,0,0,0,0,0,0,0,0,0,0,21,0,0,0,0,0,0,0,0,7,0,9,0,0,0,0,0,0,0,2,0,0,0,0,0,60,17,0,0,0,32,0,0,0,0,0,0,0,0,0,0,0,0,0,28,0,0,10,10,0,0,0,0,0,0,5,0,0,0,0,0,0,0,0,0,0,0,2,2,0,0,0,0,0,0,0,0,0,23,8,0,270,0,0,0,0,0,0,0,0,0,0,0,1,0,0,4,0,0,8,0,200,0,0,0,0,0,0,3,0,180
0,0,0,0,7,0,0,24,0,0,0,0,0,0,0,0,0,0,0,0,0,0,0,0,0,0,0,2,0,0,0,0,5,0,0,12,0,0,0,0,5,0,0,0,0,0,15,0,0,0,0,0,0,16,8,0,36,73,0,0,9,0,0,0,0,3,0,16,0,0,0,7,0,0,0,0,0,0,14,0,0,0,0,0,0,0,0,6,71,25,0,0,0,30,0,0,0,0,0,2,8,0,0,0,0,0,0,0,0,0,0,455,0,6,0,188,0,46,0,0,0,0,0,0,0,0,9,0,0,7,0,0,0,0,0,0,0,7,0,0,0,0,0,3,0,0,3,0,0,43,0,0,0,0,14,12,0,0,0,0,0,0,0,7,0,0,8,8,0,0,0,0,0,4,0,0,0,0,36,0,0,0,0,0,6,0,0,0,25,0,14,0,0,6,0,0,10,1,0,0,21,0,0,0,0,0,0,0,0,0,0,0,39,185,1,0,0,0,0,0,0,0,0,0,0,0,0,0,0,0,0,0,3,0,0,0,3,0,33,0,0,0,0,0,0,0,22,0,0,0,0,0,0,0,0,23,13,0,0,0,0,3,0,0,0,12,35,0,0,1716,0,0,0,0,79,17,0,0,0,0,21,770,0,0,6,0,0,0,0,16,0,0,0,0,0,0,0,0,288
9,0,1,0,2,0,0,57,5,0,0,0,0,0,0,0,0,0,0,0,0,0,8,0,0,0,0,0,0,0,0,0,10,0,0,18,0,0,0,0,0,0,0,0,0,0,16,0,0,8,0,0,0,4,2,0,41,15,0,0,14,0,0,0,0,0,7,0,0,0,0,49,2,0,0,0,0,2,9,0,0,0,0,0,0,0,0,20,0,0,0,0,0,0,0,0,0,0,0,1,27,0,0,0,0,0,0,0,45,0,0,205,0,0,0,231,0,107,0,4,0,0,0,0,0,0,59,7,0,6,0,0,0,0,0,0,0,2,0,0,0,0,0,3,0,0,13,0,0,114,0,0,0,0,3,3,0,0,0,0,7,3,0,41,0,0,83,0,0,0,0,6,0,36,0,0,9,21,99,0,0,0,0,0,0,0,0,0,22,0,0,0,0,39,0,0,0,0,0,0,29,0,0,0,0,0,0,0,0,0,0,0,250,577,41,0,0,0,20,0,2,0,9,0,0,11,0,0,0,2,0,0,65,0,0,0,23,0,0,0,7,0,0,0,0,0,17,0,0,0,0,0,0,0,0,0,24,0,0,0,0,0,4,5,0,0,15,10,0,915,0,0,0,0,3,1,0,0,0,0,613,0,0,0,0,1,0,0,0,187,0,0,0,0,0,0,0,0,415
0,0,0,0,1,0,0,0,0,0,0,0,0,0,0,0,0,0,0,0,0,0,0,0,0,17,0,0,0,14,0,0,17,0,0,1,0,0,0,0,0,0,0,0,0,0,0,0,0,19,0,0,0,46,0,0,18,0,0,0,21,0,0,0,3,0,9,38,0,0,0,100,1,0,0,0,0,0,57,18,0,0,30,0,7,0,0,14,0,0,32,0,0,0,12,0,0,0,0,3,3,0,0,0,0,0,0,0,0,0,22,1067,0,0,0,95,0,27,0,0,0,20,0,0,0,0,0,2,0,0,2,0,0,0,0,0,0,4,0,0,4,3,0,1,0,0,0,0,0,42,0,0,0,0,0,53,0,0,0,0,0,0,0,10,19,0,17,6,0,0,0,0,0,23,0,0,0,0,30,0,0,0,0,31,55,0,0,0,33,0,33,0,0,0,0,0,0,20,0,0,103,0,0,0,0,0,0,0,0,0,10,0,107,420,58,0,11,0,0,0,0,0,0,0,0,10,0,0,0,11,0,0,0,0,18,0,0,0,27,0,0,4,0,0,0,0,41,0,0,0,0,0,0,0,0,0,0,0,0,0,0,0,0,0,0,0,81,29,0,124,0,0,0,0,116,0,0,0,0,0,52,5,0,0,11,19,0,0,0,90,0,0,0,0,8,10,0,0,599
0,9,0,0,42,0,0,57,0,0,0,0,0,0,0,11,0,0,0,0,0,0,0,0,0,4,0,0,0,10,0,0,10,0,0,0,0,0,0,0,22,0,0,0,0,0,25,0,0,7,0,0,64,20,0,0,0,0,0,0,28,0,0,0,0,0,6,23,0,0,0,57,0,0,0,0,0,0,15,0,0,0,8,0,0,0,0,0,0,0,0,0,0,0,0,0,0,18,0,3,0,0,0,0,0,0,0,0,84,0,0,919,0,0,0,250,0,0,0,0,1,0,0,0,0,0,17,0,0,0,0,0,0,0,0,0,0,0,0,0,0,0,0,0,0,0,0,0,0,128,0,0,0,6,1,7,0,0,0,0,0,0,0,19,0,0,15,2,0,0,0,22,0,0,0,0,0,49,0,0,0,0,0,0,66,0,0,0,0,0,4,0,0,141,0,0,0,9,0,0,34,0,0,0,0,0,0,0,9,0,6,0,547,352,37,0,0,0,0,0,0,0,96,0,0,0,0,0,0,0,0,0,0,0,0,0,0,0,0,0,0,0,0,0,0,0,0,0,0,0,0,0,0,0,0,0,19,0,0,0,0,1,0,0,0,0,8,6,0,207,0,0,0,9,31,30,0,0,0,0,39,22,0,0,5,0,0,0,0,108,0,0,21,0,0,0,31,0,490
0,10,0,0,4,0,0,0,0,0,0,0,0,0,0,0,0,0,0,0,0,0,19,0,0,0,0,0,0,2,0,0,0,0,0,0,0,0,0,0,12,0,0,0,0,0,11,0,0,0,0,0,0,13,0,0,0,0,0,0,0,0,0,0,5,0,0,0,0,6,0,46,0,0,0,0,0,0,0,0,0,0,0,0,0,0,0,0,0,0,0,0,0,0,11,0,0,0,0,3,0,0,0,0,0,0,0,0,0,0,6,534,0,9,0,0,7,0,0,0,0,0,0,0,0,0,0,0,0,0,0,0,0,0,0,0,0,0,12,0,0,0,0,0,0,0,0,0,0,179,0,0,8,0,0,15,0,0,0,0,0,0,0,0,0,0,0,1,0,2,0,0,0,0,0,0,0,0,0,0,0,0,0,0,12,0,0,0,0,0,2,0,8,0,0,0,0,0,0,0,0,0,0,0,0,0,0,0,0,0,0,0,0,0,14,0,0,0,25,0,0,0,4,0,0,0,0,0,9,0,0,0,12,0,0,0,0,0,0,0,0,0,0,0,0,0,0,0,0,0,0,0,0,0,0,0,0,0,0,0,0,0,15,0,0,0,0,5,0,11,0,0,0,0,6,0,0,0,0,0,1,0,0,0,0,0,7,0,0,2,0,0,0,0,0,0,1,0,235
0,0,0,0,0,2,0,131,0,0,0,0,0,0,0,0,0,0,0,0,0,0,1,0,0,0,0,0,0,0,0,0,0,0,0,24,0,0,7,0,0,0,0,0,0,0,0,0,0,0,0,0,0,78,0,0,50,0,0,0,14,0,0,0,0,0,9,0,0,0,0,0,0,0,0,0,0,0,0,0,0,0,0,0,0,0,0,20,0,0,0,0,0,0,0,0,0,0,0,0,23,0,0,0,0,0,0,0,0,0,0,0,0,0,0,43,0,1,0,0,0,0,0,0,0,0,27,0,0,0,0,0,6,0,0,0,0,0,0,0,0,0,0,0,0,0,0,0,0,117,0,0,0,0,7,0,0,0,0,0,0,0,0,127,0,0,28,8,11,0,0,0,0,20,0,0,0,0,0,0,2,0,0,0,1,0,0,0,56,0,0,0,0,0,0,0,0,0,0,0,0,0,0,0,0,0,0,0,0,0,0,42,0,995,93,0,0,0,0,0,0,0,0,0,0,0,0,0,0,0,0,0,0,0,0,0,4,0,0,0,0,0,0,0,0,9,271,0,0,0,0,0,0,0,0,2,37,0,0,0,0,0,3,0,0,0,76,0,0,353,0,0,0,0,107,0,0,0,0,0,38,16689,0,0,0,0,0,0,0,165,0,0,0,0,0,0,0,0,226
0,0,0,0,0,0,0,1,0,0,0,0,0,0,0,0,0,0,0,0,0,0,0,0,0,0,0,0,0,0,0,0,0,0,0,0,0,0,0,0,0,0,0,0,0,0,0,0,0,0,0,0,0,0,0,0,0,0,0,0,2,0,0,0,0,0,0,0,0,0,0,0,0,0,0,0,0,0,0,0,0,0,0,0,0,0,0,0,0,0,0,0,0,0,0,0,0,0,0,0,0,0,0,0,0,0,0,0,0,0,0,0,0,0,0,0,0,0,0,0,0,0,0,0,0,0,0,0,0,0,0,0,0,0,0,0,0,0,0,0,0,0,0,0,0,0,0,0,0,0,0,0,0,0,0,0,0,0,0,0,0,0,0,2,0,0,0,0,0,0,0,0,0,0,0,0,0,0,0,0,0,0,0,0,0,0,0,0,0,0,0,0,0,0,0,0,0,0,0,0,0,0,0,0,0,0,0,0,0,0,0,0,0,7,0,0,0,0,0,0,0,0,0,0,0,0,0,0,0,0,0,0,0,0,0,0,1,0,0,0,0,0,0,0,0,0,0,0,0,0,0,0,0,0,0,0,1,0,0,0,0,0,0,0,0,0,0,0,0,0,0,0,0,0,0,0,0,0,0,0,0,551,0,0,0,0,0,0,0,1,0,0,0,0,0,0,0,0,5
0,0,0,0,0,0,0,45,0,0,0,0,0,0,0,0,0,0,0,0,0,0,0,0,0,0,0,0,0,0,0,0,0,0,0,4,0,0,0,0,0,0,0,0,0,0,0,0,0,0,0,0,0,0,0,0,5,3,0,0,16,0,0,0,0,0,0,0,0,0,0,0,0,0,0,0,0,0,0,0,0,0,0,0,0,0,0,0,0,0,0,0,0,0,0,0,0,0,0,0,1,0,0,0,0,0,0,0,0,0,0,0,0,0,0,17,0,6,0,0,0,0,0,0,0,0,3,0,0,1,0,0,0,0,0,0,0,0,0,0,0,0,0,0,0,0,0,0,0,0,0,0,0,0,8,0,0,0,0,0,0,0,0,5,0,0,0,0,0,0,0,0,0,1,0,0,0,0,1,0,0,0,0,0,0,0,0,0,0,0,0,0,0,0,0,0,0,0,0,0,0,0,0,0,0,0,0,0,0,0,0,0,0,162,0,0,0,0,0,0,0,0,0,0,0,0,0,0,0,0,0,0,0,0,0,0,4,0,0,0,0,0,0,0,1,0,5,0,0,0,0,0,0,0,0,5,4,0,0,0,0,0,0,0,0,0,0,0,0,251,0,0,0,0,7,1,0,0,0,0,1,206,0,0,0,0,0,0,0,14,0,0,0,0,0,0,0,0,34
0,0,0,0,0,0,0,48,0,0,0,0,0,1,0,0,0,0,0,0,0,0,0,0,0,0,0,0,0,0,0,0,0,0,0,13,0,0,0,0,0,0,0,0,0,0,0,0,0,0,0,0,0,0,0,0,2,3,0,0,0,0,0,0,0,0,0,0,0,0,0,0,0,0,0,0,0,0,0,0,0,0,0,0,0,0,0,1,1,0,0,0,0,0,0,0,0,0,0,0,2,0,0,0,0,0,0,0,0,0,0,0,0,0,0,0,0,45,0,0,0,0,0,0,0,0,14,0,0,0,0,0,0,0,0,0,0,0,0,0,0,0,0,0,0,0,0,0,0,5,0,0,0,0,19,0,0,0,0,0,0,0,0,54,0,0,0,0,0,0,0,0,0,28,0,0,0,1,0,0,0,0,0,0,0,0,0,0,0,0,0,0,0,9,0,0,0,0,0,0,0,0,0,0,0,0,0,0,0,0,0,0,3,283,1,0,0,0,0,0,0,0,0,0,0,0,0,0,0,0,0,0,0,0,0,0,11,0,0,0,0,0,0,0,1,0,5,0,0,0,2,0,0,0,0,6,1,0,0,0,0,0,0,0,0,0,0,0,0,314,0,0,0,0,0,0,0,0,0,0,0,221,0,0,0,0,0,0,0,376,0,0,0,0,0,0,0,0,16
0,0,0,0,0,0,0,0,0,0,0,0,0,0,0,0,0,0,0,0,0,0,0,0,0,0,0,0,0,0,0,0,0,0,0,0,0,0,0,0,0,0,0,0,0,0,0,0,0,0,0,0,0,0,0,0,0,0,0,0,0,0,0,0,0,0,0,0,0,0,0,0,0,0,0,0,0,0,0,0,0,0,0,0,0,0,0,0,0,0,0,0,0,0,0,0,0,0,0,0,0,0,0,0,0,0,0,0,0,0,0,0,0,0,0,0,0,201,0,0,0,0,0,0,0,0,44,0,2,0,0,0,0,0,0,0,0,0,0,0,0,0,0,0,0,0,0,0,0,0,0,0,0,0,0,0,0,0,0,0,0,0,0,0,0,0,0,0,0,0,0,0,0,0,0,0,0,0,0,0,0,0,0,0,0,0,0,0,0,0,0,0,0,0,0,0,0,0,0,0,0,0,0,0,0,0,0,0,0,0,0,0,0,0,0,0,0,0,0,0,0,0,0,0,0,0,0,0,0,0,0,0,0,0,0,0,0,0,0,0,0,0,0,0,0,0,0,0,0,0,0,0,0,0,0,0,0,0,0,0,0,0,0,0,0,0,5,0,0,811,0,0,0,0,0,0,0,0,0,0,0,0,0,0,0,0,0,0,0,0,0,5,0,0,0,0,0,0,7
0,0,0,0,0,0,0,0,0,0,0,0,0,0,0,0,0,0,0,0,0,0,0,0,0,0,0,0,0,0,0,0,2,0,0,0,0,0,0,0,0,0,0,0,0,0,0,0,0,0,3,0,0,0,0,0,0,0,0,0,0,0,0,0,0,0,0,0,0,2,0,0,0,0,0,0,0,0,0,0,0,0,0,0,0,0,0,0,5,0,0,0,0,0,0,0,0,0,0,0,0,0,0,0,0,0,0,0,0,0,0,0,0,0,0,0,0,102,0,0,0,0,0,0,0,0,14,0,0,0,0,0,0,0,0,0,0,0,0,0,0,0,0,0,0,0,0,0,0,14,0,0,0,0,6,0,0,0,0,0,0,0,0,0,0,0,0,0,0,0,0,0,0,0,0,0,0,0,0,0,0,0,0,0,0,0,0,0,0,0,0,0,0,0,0,0,0,0,0,0,0,0,0,0,0,0,0,0,0,0,0,0,0,0,0,0,0,0,0,0,0,0,0,0,0,0,0,0,0,0,0,0,0,0,0,0,0,0,0,0,0,0,0,0,0,0,0,0,0,0,0,0,0,0,0,0,0,0,0,0,0,0,0,0,0,0,5,0,0,137,0,0,0,0,0,0,0,0,0,0,0,0,0,0,0,0,0,0,0,0,0,0,0,0,0,0,0,0,1
0,0,0,0,0,0,0,0,0,0,0,0,0,0,0,0,0,0,0,0,0,0,0,0,0,0,0,0,0,0,0,0,0,0,0,0,0,0,0,0,6,0,0,0,0,0,0,0,0,0,0,0,0,0,0,0,0,0,0,0,0,0,0,0,0,0,0,0,0,0,0,0,0,0,0,0,0,0,0,0,0,0,14,0,0,0,0,0,0,0,0,0,0,0,0,0,0,0,0,0,0,0,0,0,0,0,0,0,0,0,0,0,0,0,0,0,0,0,0,0,0,0,0,0,0,0,0,0,0,0,0,0,0,0,0,0,0,0,0,0,0,0,0,2,0,0,0,0,0,0,0,0,0,0,0,0,0,0,0,0,0,0,0,1,0,0,0,0,0,0,0,0,0,0,0,0,0,0,0,0,0,0,0,0,14,0,0,0,0,0,0,0,0,0,0,0,0,0,0,0,0,0,0,2,0,0,0,0,0,0,0,0,0,17,0,0,0,0,0,0,0,0,0,0,0,0,4,0,0,0,0,0,0,0,0,0,8,4,0,0,0,0,0,0,0,0,0,0,0,0,0,0,0,0,0,0,0,0,0,0,0,0,0,0,0,0,0,0,0,6,4,0,0,0,0,0,0,0,0,0,0,0,0,0,0,0,0,0,0,0,0,0,0,0,0,0,0,0,23
0,0,0,0,0,0,0,68,0,0,0,0,0,0,0,0,0,0,0,0,0,0,0,0,0,12,0,0,0,0,0,0,0,0,0,1,0,0,0,0,0,0,0,0,0,0,0,0,0,0,0,0,0,73,0,0,0,42,0,0,0,0,0,0,1,0,0,0,0,0,0,21,0,0,0,0,0,0,0,0,0,0,0,0,0,0,0,21,0,0,0,0,0,0,4,0,0,0,0,1,41,0,0,0,0,0,0,0,0,0,0,0,0,0,0,33,0,48,0,0,0,0,0,0,0,0,29,0,0,0,0,0,0,0,0,0,0,0,0,0,0,0,0,15,0,0,0,0,0,19,0,0,0,0,0,0,0,0,0,0,0,0,0,0,0,0,0,0,0,0,0,0,0,31,0,0,0,0,99,0,0,0,0,0,0,0,0,0,0,0,0,0,0,0,0,0,0,0,0,0,0,0,0,0,0,0,0,0,0,0,0,0,25,197,186,0,0,0,0,0,0,0,7,0,0,0,0,0,0,0,0,0,0,0,0,0,0,0,0,0,0,0,0,0,0,0,0,0,0,0,0,0,0,0,0,28,0,0,0,6,0,0,2,0,0,0,25,0,0,204,0,0,0,0,1,0,0,0,0,0,25,37190,0,0,0,0,0,0,0,134,0,0,0,0,0,0,0,0,98
0,0,0,0,0,0,0,0,0,0,0,0,0,0,0,0,0,0,0,0,0,0,0,0,0,0,0,0,0,0,0,0,0,0,0,0,0,0,0,0,0,0,0,0,0,0,0,0,0,0,0,0,0,0,0,0,0,0,0,0,0,0,0,0,0,0,0,0,0,0,0,0,0,0,0,0,0,0,0,0,0,0,0,0,0,0,0,0,0,0,0,0,0,0,0,0,0,0,0,0,0,0,0,0,0,0,0,0,0,0,0,0,0,0,0,0,0,0,0,0,0,0,0,0,0,0,0,0,0,0,0,0,0,0,0,0,0,0,0,0,0,0,0,0,0,0,0,0,0,0,0,0,0,0,0,0,0,0,0,0,0,0,0,1,0,0,0,0,0,0,0,0,0,0,0,0,0,0,0,0,0,0,0,0,0,0,0,0,0,0,0,0,0,0,0,0,0,0,0,0,0,0,0,0,0,0,0,0,0,0,0,0,0,0,0,0,0,0,0,0,0,0,0,0,0,0,0,0,0,0,0,0,0,0,0,0,0,0,0,0,0,0,0,0,0,0,0,0,0,0,0,0,0,0,0,0,0,0,0,0,0,0,0,0,0,0,0,0,0,0,0,0,0,0,0,0,0,0,0,0,0,0,0,0,0,0,0,0,0,0,0,0,0,0,0,0,0,0,0
19,0,0,0,0,0,0,317,0,0,0,0,0,0,0,0,0,0,0,0,0,0,1,0,0,0,0,0,0,0,0,0,0,0,0,90,0,0,0,0,0,0,0,0,0,0,0,0,0,0,0,0,0,0,0,0,35,68,0,0,167,0,0,0,0,0,0,0,0,0,0,2,0,0,3,0,0,0,0,0,0,0,0,0,0,0,0,21,0,0,0,0,0,0,0,0,0,0,0,0,36,0,0,0,0,0,0,0,0,0,0,0,0,0,0,85,0,123,0,0,0,0,0,0,0,0,125,9,0,0,0,0,0,0,0,0,0,0,0,0,0,0,0,0,0,0,0,0,0,2,0,0,0,0,11,0,0,0,0,0,0,0,0,78,0,0,0,0,0,0,0,20,0,27,0,0,0,27,56,0,0,0,0,0,0,0,0,0,13,0,0,0,0,51,0,0,0,0,0,9,1,0,0,0,0,0,0,0,0,0,0,0,78,1854,0,0,0,0,0,0,0,0,0,0,0,0,0,0,0,0,0,0,0,0,0,0,28,0,0,0,0,0,0,0,0,0,69,0,0,0,1,0,0,0,0,246,48,0,0,0,0,0,0,0,0,0,0,0,0,804,0,0,0,0,93,0,0,1,0,0,2,1,0,0,0,0,0,0,0,505,0,0,0,0,0,0,0,0,659
0,0,0,0,0,0,0,57,0,0,0,0,0,0,0,0,0,0,0,0,0,0,0,0,0,0,0,0,0,0,0,0,0,0,0,22,0,0,0,0,0,0,0,0,0,0,0,0,0,0,0,0,0,0,1,0,23,29,0,0,26,0,0,0,0,0,0,0,0,0,0,9,0,0,0,0,0,0,0,0,0,0,0,0,0,0,0,8,0,0,0,0,0,1,0,0,0,0,0,0,5,0,0,0,0,0,0,0,0,0,0,0,0,0,0,217,0,42,0,0,0,0,0,0,0,0,18,1,0,0,0,0,0,0,0,0,0,0,0,0,0,0,0,0,0,0,0,0,0,4,0,0,0,0,1,0,0,0,0,0,0,0,0,62,0,0,0,0,0,0,0,0,0,33,0,0,0,9,0,0,0,0,0,0,0,0,0,0,9,0,0,0,0,18,0,0,0,0,0,0,2,0,0,0,0,0,0,0,0,0,0,0,4,561,3,0,0,0,0,0,0,0,0,0,0,0,0,0,0,0,0,0,0,0,0,0,5,0,0,0,0,0,0,0,0,0,12,0,0,0,0,0,0,0,0,197,13,0,0,0,0,0,0,0,0,0,0,0,10,214,0,0,0,0,22,1,0,0,0,0,24,0,0,0,0,0,0,0,0,127,0,0,0,0,0,0,0,0,172
0,0,0,0,1,0,0,1,0,0,0,0,0,0,0,0,0,0,0,0,0,0,0,0,0,0,0,0,0,0,0,0,0,0,0,2,0,0,0,0,0,0,0,0,0,0,0,0,0,0,0,1,0,0,0,0,0,0,0,0,53,0,0,0,0,0,0,0,0,0,0,0,0,0,0,0,0,0,0,0,0,0,0,0,0,0,0,0,0,0,0,0,0,0,0,0,0,2,0,0,0,0,0,0,0,0,0,0,0,0,0,0,0,0,0,2,0,0,0,0,0,0,0,0,0,0,1,0,0,0,0,0,0,0,1,0,0,0,0,0,0,0,0,0,0,0,0,0,0,8,0,0,0,0,0,0,0,0,0,0,0,0,0,0,0,0,3,0,0,0,0,0,0,0,0,0,0,2,0,0,0,0,0,0,1,0,0,0,2,0,0,0,0,0,0,0,0,0,0,0,0,0,0,0,0,0,0,0,0,0,0,0,1,53,1,0,0,0,0,0,0,0,0,0,0,0,0,0,0,0,0,0,0,0,0,0,48,0,0,0,0,0,0,0,0,0,2,0,0,0,0,0,0,0,0,13,0,0,0,0,0,0,0,0,0,0,0,0,0,417,0,0,0,0,2,0,0,0,0,0,0,0,0,0,0,0,0,0,0,5,0,0,0,0,0,0,0,0,5
4,0,0,0,0,0,0,24,0,0,0,0,0,0,0,0,0,0,0,0,0,0,0,0,0,0,0,0,0,0,0,0,0,0,0,2,0,0,0,0,0,0,0,0,0,0,0,0,0,0,0,0,0,0,33,0,35,2,0,0,111,0,0,0,0,0,0,0,0,0,0,0,0,0,0,0,0,0,0,0,0,0,0,0,0,0,0,0,0,0,0,0,0,71,0,0,0,0,0,0,2,0,0,0,0,0,0,0,6,0,0,0,0,0,0,19,0,110,0,0,0,0,0,0,0,0,79,0,0,0,0,0,0,0,0,0,0,0,0,0,0,0,0,0,0,0,0,0,0,4,0,0,0,0,0,0,0,0,0,0,0,0,0,33,0,0,0,0,0,0,0,24,0,7,0,0,0,0,0,0,0,0,0,0,2,0,0,1,1,0,0,0,0,50,0,0,0,0,0,0,0,0,0,0,0,0,0,0,0,0,0,0,36,2132,1,0,0,0,0,0,0,0,0,0,0,0,0,0,0,0,0,0,0,0,0,0,146,0,0,0,0,0,0,0,3,0,8,0,0,0,0,0,0,0,0,54,0,0,0,0,0,0,0,0,0,0,0,0,0,166,1,0,0,0,1,0,0,0,0,0,91,0,0,0,0,0,0,0,0,161,0,0,0,0,0,0,0,0,973
0,0,0,0,0,0,0,263,0,0,0,0,0,0,0,0,0,0,0,0,0,0,0,0,0,0,0,0,0,0,0,0,0,0,0,37,0,0,0,0,0,0,0,0,0,0,0,0,0,0,0,0,18,0,8,0,33,6,0,0,50,0,2,0,0,0,0,0,0,0,0,1,0,0,0,0,0,0,0,0,0,0,0,0,0,0,0,11,0,0,0,0,0,0,0,0,0,0,0,0,2,0,0,0,0,0,0,0,18,0,0,0,0,0,0,120,0,26,0,0,0,0,0,0,0,0,7,0,0,0,0,0,0,0,0,0,0,0,0,0,0,0,0,0,0,0,0,0,0,9,0,0,0,0,0,0,0,0,0,0,0,0,0,30,0,0,0,0,0,0,0,12,0,22,0,0,0,7,100,0,0,0,0,0,0,0,0,0,0,0,0,0,0,38,0,0,0,0,0,0,22,0,0,0,0,0,0,0,0,0,0,0,168,753,0,0,0,0,0,0,0,0,0,0,0,0,0,0,0,0,0,0,0,0,0,0,15,0,0,0,0,0,0,0,0,0,8,0,0,0,0,0,0,0,2,32,27,0,0,0,0,0,0,0,0,0,0,0,0,521,0,0,0,0,22,0,0,0,0,0,10,0,0,0,0,0,0,0,0,76,0,0,0,0,0,0,0,0,211
0,0,0,0,0,0,0,0,0,0,0,0,0,0,0,0,0,0,0,0,0,0,0,0,0,0,0,0,0,0,0,0,0,0,0,0,0,0,0,0,0,0,0,0,0,0,0,0,0,0,0,0,0,0,0,0,1,4,0,0,2,0,0,0,0,0,0,0,0,0,0,0,0,0,0,0,0,0,0,0,0,0,0,0,0,0,0,0,0,0,0,0,0,0,0,0,0,0,0,0,0,0,0,0,0,0,0,0,0,0,0,0,0,0,0,8,0,0,0,0,0,0,0,0,0,0,0,0,0,0,0,0,0,0,0,0,0,0,0,0,0,0,0,0,0,0,0,0,0,0,0,0,0,0,0,0,0,0,0,0,0,0,0,0,0,0,0,0,0,0,0,0,0,0,0,0,0,0,2,0,0,0,0,0,0,0,0,0,0,0,0,0,0,2,0,0,0,0,0,0,0,0,0,0,0,0,0,0,0,0,0,0,3,7,0,0,0,0,0,0,0,0,0,0,0,0,0,0,0,0,0,0,0,0,0,0,0,0,0,0,0,0,0,0,0,0,0,0,0,0,0,0,0,0,0,0,0,0,0,0,0,0,0,0,0,0,0,0,0,4,0,0,0,0,0,0,0,0,0,0,0,0,0,0,0,0,0,0,0,0,0,0,0,0,0,0,0,0,4
0,0,0,0,0,0,0,58,0,0,0,0,0,0,0,0,0,0,0,0,0,0,2,0,0,0,0,0,0,0,0,0,0,0,0,9,0,0,0,0,0,0,0,0,0,0,0,0,0,0,0,0,0,0,0,0,30,6,0,0,10,0,0,0,0,0,0,0,0,0,0,0,0,0,0,0,0,0,0,0,0,0,0,0,0,0,0,0,0,0,0,0,0,1,0,0,0,0,0,0,15,0,0,0,0,0,0,0,0,0,0,0,0,0,0,109,0,13,0,0,0,0,0,0,0,0,1,0,0,0,0,0,0,0,0,0,0,0,0,0,0,0,0,0,0,0,0,0,0,0,0,0,0,0,3,0,0,0,0,0,0,0,0,33,0,0,0,0,0,0,0,20,0,9,0,0,0,0,158,0,0,0,0,0,0,0,0,0,5,0,0,0,0,26,0,0,0,0,0,0,1,0,0,0,0,0,0,0,0,0,0,0,125,619,0,0,0,0,0,0,0,0,0,0,0,0,0,0,0,0,0,0,0,0,0,0,4,0,1,0,0,0,0,0,0,0,3,0,0,0,0,0,0,0,1,23,15,0,0,0,0,0,0,0,0,0,0,0,4,232,0,0,0,0,4,0,0,0,0,0,5,0,0,0,0,0,0,0,0,145,0,0,0,0,0,0,0,0,67
0,0,0,0,0,0,0,15,0,0,0,0,0,0,0,0,0,0,0,0,0,0,0,0,0,0,0,0,0,0,0,0,0,0,0,0,0,0,0,0,0,0,0,0,0,0,0,0,0,0,0,0,0,0,0,0,19,23,0,0,0,0,0,1,0,0,0,0,0,0,0,0,0,0,0,0,0,0,0,0,0,0,0,0,0,0,0,0,0,0,0,0,0,0,0,0,0,0,0,0,0,0,0,0,0,0,0,0,0,0,0,0,0,0,0,9,0,14,0,0,0,0,0,0,0,0,0,0,0,0,0,0,0,0,0,0,0,0,0,0,0,0,0,0,0,0,0,6,0,0,0,0,0,0,0,0,0,0,0,0,0,0,0,0,0,0,0,0,0,0,0,0,0,0,0,0,4,0,5,0,0,0,0,0,5,0,0,0,0,0,0,0,0,0,6,0,0,0,0,0,0,0,0,0,0,0,0,0,0,0,0,0,3,9,13,0,0,0,0,0,0,0,0,0,2,0,0,0,0,0,0,0,0,0,0,0,1,0,0,0,0,0,0,0,0,0,0,0,0,0,0,0,0,0,0,0,0,0,0,0,0,0,0,0,0,0,8,0,0,11,0,0,0,0,0,0,0,0,0,0,0,0,0,0,0,0,0,0,0,31,0,0,0,0,0,0,0,0,38
0,0,0,0,0,0,0,5,0,0,0,0,0,0,0,0,0,0,0,0,0,0,0,0,0,0,0,0,0,0,0,0,0,0,0,1,0,0,0,0,0,0,0,0,0,0,0,0,0,0,0,0,0,0,0,0,0,1,0,0,2,0,0,0,0,0,0,0,0,0,0,22,0,0,0,0,0,0,0,0,0,0,0,0,0,0,0,0,0,0,0,0,0,0,0,0,0,0,0,0,0,0,0,0,0,0,0,0,0,0,0,0,0,0,0,8,0,18,0,0,0,0,0,0,0,0,2,0,0,0,0,0,0,0,0,0,0,0,0,0,0,0,0,0,0,0,0,0,0,0,0,0,0,0,0,0,0,0,0,0,0,0,0,0,0,0,0,0,0,0,0,2,0,0,0,0,0,0,0,0,0,0,0,0,0,0,0,0,0,0,0,0,0,1,0,0,0,0,0,0,0,0,0,0,0,0,0,0,0,0,0,0,2,18,1,0,0,0,0,0,0,0,0,0,0,0,0,0,0,0,0,0,0,0,0,0,10,0,0,0,0,0,0,0,0,0,0,0,0,0,0,0,0,0,0,0,4,0,0,0,0,0,0,0,0,0,0,0,11,729,0,0,0,0,0,0,0,0,0,0,0,0,0,0,0,0,0,0,0,7,0,0,0,0,0,0,0,0,3
0,0,0,0,0,0,0,45,0,0,0,0,0,0,0,0,0,0,0,0,0,0,0,0,0,0,0,0,0,0,0,0,0,0,0,25,0,0,0,0,0,0,0,0,0,0,0,0,0,0,0,0,0,0,0,0,6,1,0,0,0,0,0,0,4,0,0,6,0,0,0,8,0,0,0,0,0,0,0,0,0,8,8,0,0,0,0,0,0,0,0,0,0,0,0,0,0,0,0,0,0,0,0,0,0,0,0,0,0,0,0,0,0,0,0,28,0,8,0,0,0,0,0,0,0,0,10,0,0,0,0,0,0,0,0,0,0,0,0,0,0,0,0,0,0,0,0,0,0,0,0,0,0,0,0,0,0,0,0,0,0,0,0,0,0,0,5,0,0,0,0,0,0,0,0,0,0,0,12,0,0,0,0,0,1,0,0,0,0,0,0,0,0,0,0,0,0,0,0,0,0,0,0,0,0,0,0,0,0,0,0,0,0,39,0,0,0,0,0,0,0,0,1,0,0,0,0,0,0,0,0,0,0,0,0,0,3,0,0,0,0,0,0,0,0,0,0,0,0,0,0,0,0,0,0,24,0,0,0,0,0,0,0,0,0,0,0,0,0,151,2,0,0,0,7,0,1,0,0,0,0,0,0,0,0,0,0,0,0,8,0,0,0,0,0,0,0,0,18
0,0,0,0,0,0,0,106,0,0,0,0,0,1,0,0,0,0,0,0,0,0,0,0,0,0,0,0,0,0,0,0,0,0,0,3,0,0,0,0,0,0,0,0,0,0,0,0,0,0,0,0,0,0,0,0,13,40,0,0,8,0,0,0,0,0,0,0,0,0,0,3,0,0,0,0,0,0,0,0,0,0,0,0,0,0,0,0,0,0,0,0,0,2,0,0,0,0,0,0,0,0,0,0,0,0,0,0,0,0,0,0,0,0,0,16,0,21,0,0,0,0,0,0,0,0,37,2,0,0,0,0,0,0,0,0,0,0,0,0,0,0,0,0,0,0,0,0,0,1,0,0,0,0,2,0,0,0,0,0,0,0,0,14,0,0,0,0,0,0,0,0,0,1,0,0,0,0,42,0,0,0,0,0,0,0,0,0,1,0,0,0,0,1,0,0,0,0,0,0,0,0,0,0,0,0,0,0,0,0,0,0,15,172,0,0,0,0,0,0,0,0,0,0,0,0,0,0,0,0,0,0,0,0,0,0,20,0,0,0,0,0,0,0,0,0,4,0,0,0,0,0,0,0,0,0,3,0,0,0,0,0,0,0,0,0,0,0,0,184,0,0,0,0,6,0,0,0,0,0,0,0,0,0,0,0,0,0,0,69,0,0,0,0,0,0,0,0,53
2,0,0,0,0,0,0,275,0,0,0,0,0,1,0,0,0,0,0,0,0,0,0,0,0,0,0,0,0,0,0,0,0,0,0,2,0,0,0,0,0,0,0,0,0,0,0,0,0,0,0,0,0,3,0,0,21,17,0,0,0,0,0,0,0,0,0,0,0,0,0,225,0,0,0,0,0,0,0,0,0,0,0,0,0,0,0,2,0,0,0,0,0,0,0,0,0,0,0,0,0,0,0,0,0,0,0,0,0,0,0,0,0,0,0,35,0,185,0,0,0,0,0,0,0,0,70,36,0,0,0,0,0,0,0,0,0,0,0,0,0,0,0,0,0,0,1,0,0,0,0,0,0,0,5,0,0,0,0,0,0,0,0,5,0,0,0,0,0,0,0,3,0,4,0,0,0,0,83,0,0,0,0,0,0,0,0,0,0,0,0,0,0,0,0,0,0,0,0,0,0,0,0,0,0,0,0,0,0,0,0,0,75,365,0,0,0,0,0,0,0,0,0,0,0,0,0,0,0,0,0,0,0,0,1,0,87,0,5,0,0,0,0,0,0,0,6,0,0,0,0,1,0,0,0,0,0,0,0,0,0,0,0,0,0,0,0,0,0,941,0,0,0,0,7,0,0,0,0,0,0,0,0,0,0,0,0,0,0,122,0,0,0,0,0,0,0,0,108
0,0,0,0,0,0,0,8,0,0,0,0,0,0,0,0,0,0,0,0,0,0,0,0,0,0,0,0,0,0,0,0,0,0,0,14,0,0,0,0,0,0,0,0,0,0,0,0,0,0,0,0,0,0,0,0,0,0,0,0,19,0,0,0,0,0,2,0,0,0,0,0,0,0,0,0,0,0,0,0,0,0,0,0,0,0,0,0,0,0,0,0,0,0,0,0,0,0,0,0,3,0,0,0,0,0,0,0,0,0,0,0,0,0,0,25,0,3,0,0,0,0,0,0,0,0,0,0,0,0,0,0,0,0,0,0,0,0,0,0,0,0,0,0,0,0,0,0,0,2,0,0,0,0,0,0,0,0,0,0,0,0,0,0,0,0,0,0,0,0,0,3,0,2,0,0,0,0,0,0,0,0,0,0,0,0,0,1,2,0,0,0,0,0,0,0,0,0,0,0,0,0,0,0,0,0,0,0,0,0,0,0,11,10,0,0,0,0,0,0,0,0,6,0,0,0,0,0,0,0,0,0,0,0,0,0,3,0,0,0,0,0,0,0,0,0,4,0,0,0,0,0,0,0,0,0,0,0,0,0,0,0,0,0,0,0,0,0,0,311,0,0,0,0,0,0,0,0,0,0,18,0,0,0,0,0,0,0,0,3,0,0,0,0,0,0,0,0,6
0,0,0,0,0,0,0,87,0,0,0,0,0,3,0,0,0,0,0,0,0,0,0,0,0,0,0,0,0,0,0,0,0,0,0,92,0,0,0,0,0,0,0,0,0,0,0,0,0,0,0,0,9,0,0,0,27,36,0,0,14,0,0,0,0,0,0,0,0,0,0,122,0,0,0,0,0,0,0,0,0,0,0,0,0,0,0,37,0,0,0,0,0,0,0,0,0,0,0,0,21,0,0,0,0,0,0,0,29,0,0,0,0,0,0,1039,0,409,0,0,0,0,0,0,0,0,53,148,0,3,0,0,0,0,0,0,0,0,0,0,0,0,0,0,0,0,0,0,0,8,0,0,0,0,0,0,0,0,0,0,0,0,0,0,0,0,0,0,0,0,0,12,0,6,0,0,0,0,0,0,0,0,0,0,0,0,0,0,5,0,0,0,0,106,0,0,0,0,0,13,29,0,0,0,0,0,0,0,0,0,0,0,142,1386,1,0,0,0,0,0,0,0,0,0,0,0,0,0,0,0,0,0,0,0,0,0,152,0,0,0,0,0,0,0,0,0,14,0,0,0,0,0,0,0,5,16,77,0,0,0,0,0,0,0,0,0,0,0,0,2219,0,0,0,0,0,0,0,0,0,0,162,0,0,0,0,0,0,0,0,129,0,0,0,0,0,0,0,0,186
0,0,0,0,0,0,0,47,0,0,0,0,0,0,0,0,0,0,0,0,0,0,0,0,0,0,0,0,0,0,0,0,0,0,0,13,0,0,0,0,0,0,0,0,0,0,0,0,0,0,0,0,0,0,0,0,2,0,0,0,0,0,0,0,0,0,0,0,0,0,0,1,0,0,0,0,0,0,0,0,0,0,0,0,0,0,0,0,0,0,0,0,0,0,0,0,0,0,0,0,0,0,0,0,0,0,0,0,0,0,0,0,0,0,0,8,0,4,0,0,0,0,0,0,0,0,5,0,0,0,0,0,0,0,0,0,0,0,0,0,0,0,0,0,0,0,0,0,0,51,0,0,0,0,6,0,0,0,0,0,0,0,0,6,0,0,0,0,0,0,0,0,0,3,0,0,0,0,0,0,0,0,0,0,0,0,0,0,0,0,0,0,0,2,0,0,0,0,0,0,0,0,0,0,0,0,0,0,0,0,0,0,0,40,9,0,0,0,0,0,0,0,0,0,0,0,0,0,0,0,0,0,0,0,0,0,31,0,0,0,0,0,0,0,0,0,2,0,0,0,0,0,0,0,0,0,0,0,0,0,0,0,0,0,0,0,0,0,0,515,0,0,0,0,4,0,0,0,0,0,0,0,0,0,0,0,0,0,0,78,0,0,0,0,0,0,0,0,4
0,0,0,0,0,0,0,0,0,0,0,0,0,0,0,0,0,0,0,0,0,0,0,0,0,0,0,0,0,0,0,0,0,0,0,0,0,0,2,0,0,0,0,0,0,0,0,0,0,0,0,0,0,1,0,0,9,0,0,0,4,0,0,0,0,0,0,0,0,0,0,0,0,0,0,0,0,0,0,0,0,0,0,0,1,0,0,0,0,0,0,0,0,0,0,0,0,0,0,0,0,0,0,0,0,0,0,0,0,0,0,0,0,0,0,21,0,5,0,0,0,0,0,0,0,0,7,0,0,0,0,0,0,0,0,0,0,0,0,0,0,0,0,0,0,0,0,0,0,0,0,0,0,0,0,0,0,0,0,0,0,0,0,0,0,0,0,0,0,0,0,0,0,0,0,0,0,0,11,0,0,0,0,0,2,0,0,0,14,0,0,0,0,0,0,0,0,0,0,0,0,0,0,0,0,0,0,0,0,0,0,0,0,10,0,0,0,0,0,0,0,0,0,0,0,0,0,0,0,0,0,0,0,0,0,0,19,0,0,0,0,0,0,0,0,0,0,0,0,0,0,0,0,0,0,0,0,0,0,0,0,0,0,0,0,0,0,0,0,321,0,0,0,0,4,0,0,0,0,0,0,0,0,0,0,0,0,0,0,6,0,0,0,0,0,0,0,0,1
17,0,0,0,0,0,0,481,0,0,0,0,0,0,0,0,0,0,0,0,0,0,0,0,0,0,0,0,0,0,0,0,0,0,0,0,0,0,0,0,0,0,0,0,0,0,0,0,0,0,0,0,0,0,0,0,128,67,0,0,207,0,0,0,0,0,0,0,0,0,0,14,0,0,0,0,0,0,0,0,0,0,0,0,0,0,0,0,0,0,0,0,0,0,0,0,0,0,0,0,0,0,0,0,0,0,0,0,0,0,0,0,0,0,0,124,0,79,0,0,0,0,0,0,0,0,114,0,0,6,0,0,0,0,4,0,0,0,0,0,0,0,0,0,0,0,0,0,0,4,0,0,0,0,2,0,0,0,0,0,0,0,0,0,0,0,0,0,0,0,0,3,0,101,0,0,0,0,128,0,0,0,0,0,0,0,0,0,221,0,0,0,0,11,0,0,0,0,0,0,0,0,0,0,0,0,0,0,0,0,0,0,231,1268,0,0,0,0,0,0,1,0,0,0,0,0,0,0,0,0,0,0,0,0,0,0,135,0,16,0,0,0,0,0,0,0,17,0,0,0,5,0,0,0,0,0,109,0,0,0,0,0,0,0,0,0,0,0,7,1541,0,0,0,0,226,0,0,0,0,0,0,0,0,0,0,0,0,0,0,808,0,0,0,0,0,0,0,0,117
0,0,0,0,0,0,0,217,0,0,0,0,0,0,0,0,0,0,0,0,0,0,0,0,0,0,0,0,0,0,0,0,0,0,0,0,0,0,0,0,0,0,0,0,0,0,0,0,0,0,0,0,0,0,0,0,5,3,0,0,1,0,0,0,0,0,0,0,0,0,0,2,0,0,0,0,0,0,0,0,0,0,0,0,0,0,0,0,0,0,0,0,0,0,0,0,0,0,0,0,0,0,0,0,0,0,0,0,0,0,0,0,0,0,0,0,0,5,0,0,0,0,0,0,0,0,10,0,0,0,0,0,0,0,0,0,0,0,0,0,0,0,0,0,0,0,0,0,0,0,0,0,0,0,0,0,0,0,0,0,0,0,0,32,0,0,0,0,0,0,0,0,0,30,0,0,0,0,0,0,0,0,0,0,0,0,0,0,0,0,0,0,0,0,0,0,0,0,0,0,0,0,0,0,0,0,0,0,0,0,0,0,0,97,1,0,0,0,0,0,0,0,0,0,0,0,0,0,0,0,0,0,0,0,0,0,20,0,0,0,0,0,0,0,0,0,0,0,0,0,0,0,0,0,0,0,1,0,0,0,0,0,0,0,0,0,0,0,0,295,0,0,0,0,2,0,0,0,0,0,0,0,0,0,0,0,0,0,0,254,0,0,0,0,0,0,0,0,3
0,0,0,0,0,0,0,0,0,0,0,0,0,0,0,0,0,0,0,0,0,0,0,0,0,0,0,0,0,0,0,0,0,0,0,0,0,0,0,0,0,0,0,0,0,0,0,0,0,0,0,0,0,0,0,0,0,0,0,0,1,0,0,0,3,0,0,0,8,0,0,11,0,0,0,0,0,0,0,0,0,8,0,0,0,0,0,0,0,0,0,0,0,0,0,0,0,0,0,0,0,0,0,0,0,0,0,0,0,0,0,0,0,0,0,0,0,0,0,0,0,0,0,0,0,0,0,0,0,0,0,0,0,0,0,0,0,0,0,0,0,0,0,0,0,0,0,0,0,0,0,0,0,0,0,0,0,0,0,0,0,0,0,0,0,0,0,7,0,0,0,0,0,0,0,0,0,0,0,0,0,0,0,0,1,0,0,0,0,0,0,0,0,1,0,0,0,0,0,0,0,0,0,0,0,0,0,0,0,0,0,0,0,6,4,0,0,0,0,0,0,0,1,0,0,0,0,0,0,0,0,0,0,0,17,0,0,0,0,0,0,0,0,0,0,0,0,0,1,0,0,0,0,0,0,0,0,0,0,0,0,0,0,0,0,0,9,0,0,3,0,0,0,0,0,0,0,0,0,0,0,0,0,0,0,0,0,0,0,2,0,0,0,0,0,0,0,0,29
0,0,0,0,0,0,0,7,0,0,0,0,0,0,0,0,0,0,0,0,0,0,0,0,0,0,0,0,0,0,0,0,0,0,0,2,0,0,0,0,0,0,0,0,0,0,0,0,0,0,0,0,0,0,0,0,0,0,0,0,7,0,0,0,0,0,0,0,0,0,0,0,0,0,0,0,0,0,0,0,0,0,0,0,0,0,0,0,0,0,0,0,0,0,0,0,0,0,0,0,0,0,0,0,0,0,0,0,0,0,0,2,0,0,0,6,0,11,0,0,0,0,0,0,0,0,1,0,0,0,0,0,0,0,0,0,0,0,0,0,0,0,0,0,0,0,0,0,0,0,0,0,0,0,5,0,0,0,0,0,0,0,0,16,0,0,0,0,4,0,0,6,1,11,0,0,0,0,0,0,0,0,0,0,0,0,0,0,0,0,0,0,0,8,0,0,0,0,0,1,0,0,0,0,0,0,0,0,0,0,0,0,3,52,0,0,0,0,0,0,0,0,0,0,0,0,0,0,0,0,0,0,0,0,0,0,6,0,0,0,0,0,0,0,0,0,1,0,0,0,0,0,0,0,0,19,0,0,0,0,0,0,0,0,0,0,0,0,1,25,0,0,0,0,2,0,0,0,0,0,0,0,0,0,0,0,0,0,0,33,0,0,0,0,0,0,0,0,9
0,0,0,0,0,0,0,356,0,0,0,0,0,0,0,0,0,0,0,0,0,0,0,0,0,0,0,0,0,0,0,0,0,0,0,5,0,0,0,0,0,0,0,0,0,0,0,0,0,0,0,0,1,0,0,0,26,1,0,0,20,0,0,0,0,0,0,0,0,0,0,0,0,0,3,0,0,0,0,0,0,0,0,0,0,0,0,0,0,0,0,0,0,0,0,0,0,0,0,0,0,0,0,0,0,0,0,0,0,0,0,0,0,0,0,7,0,100,0,0,0,0,0,0,0,0,104,0,0,0,0,0,0,0,0,0,0,0,0,0,0,0,0,0,0,0,0,0,0,0,0,0,0,0,1,0,0,0,0,0,0,0,0,0,0,0,0,0,0,0,0,14,0,108,0,0,0,0,0,0,0,0,0,0,0,0,0,0,27,0,0,0,0,26,0,0,0,0,0,0,0,0,0,0,0,0,0,0,0,0,0,0,4,724,0,0,0,0,0,0,0,0,0,0,0,0,0,0,0,0,0,0,0,0,0,0,42,0,0,0,0,0,0,0,0,0,2,0,0,0,0,0,0,0,6,53,47,0,0,0,0,0,0,0,0,0,0,0,0,1418,0,0,0,0,1,0,0,0,0,0,6,0,0,0,0,0,0,0,0,462,0,0,0,0,0,0,0,0,19
0,0,0,0,0,1,0,0,0,0,0,0,0,0,0,0,0,0,0,0,0,0,68,0,0,0,0,0,0,0,0,0,0,0,0,0,0,0,0,0,0,0,0,0,0,0,0,0,0,0,0,0,0,735,0,0,0,0,0,0,0,0,0,0,0,0,0,0,0,0,0,344,0,0,0,0,0,0,0,0,0,0,0,0,0,0,0,0,0,0,0,0,0,0,0,0,0,0,0,0,0,0,0,0,0,0,0,0,0,0,0,0,0,0,0,83,0,87,0,0,0,0,0,0,0,0,0,0,0,0,0,0,0,0,0,0,0,0,0,0,0,0,0,0,0,0,0,0,0,724,0,0,0,0,0,0,0,0,0,0,0,0,0,0,0,0,79,0,0,0,43,0,27,0,0,0,0,0,0,0,0,0,0,37,24,0,0,0,0,0,0,0,0,0,0,0,0,36,0,0,0,0,0,0,0,0,0,0,0,0,0,0,0,2,2268,0,0,0,0,0,0,0,0,0,22,0,0,0,0,0,0,0,0,0,0,0,0,0,0,0,0,0,0,0,0,0,0,0,0,0,0,0,0,0,0,0,0,0,10,0,0,0,2,0,0,0,594,0,0,75,0,0,0,0,0,0,0,0,0,0,0,0,87,0,0,0,0,0,0,0,0,0,0,0,0,0,0,7,1066
0,0,0,0,0,0,0,293,0,0,0,0,0,0,0,0,0,0,0,0,0,0,0,6,0,0,0,0,0,0,0,0,0,0,0,31,0,0,1,0,0,0,0,0,0,0,0,0,0,1,0,0,7,0,0,0,26,9,0,0,7,0,0,0,0,0,0,2,0,0,0,0,0,0,0,0,0,0,0,0,0,0,1,0,0,0,0,21,0,1,0,0,0,4,0,0,0,0,0,0,0,0,0,0,0,0,0,0,29,0,0,0,0,0,0,439,0,120,0,0,0,0,0,0,0,0,15,3,0,0,0,0,0,0,0,0,0,0,0,0,0,0,0,0,0,0,0,0,0,3,0,0,0,0,1,0,0,0,0,0,0,0,0,40,0,0,0,0,0,0,0,0,303,19,0,0,2,75,1,0,0,0,0,0,2,0,0,0,64,0,0,0,0,131,0,0,0,0,4,1,15,0,0,0,12,0,0,0,0,0,0,0,73,1264,0,0,0,0,0,0,0,0,0,0,0,0,0,0,0,0,0,0,0,0,1,0,253,0,59,0,0,0,0,0,1,0,27,0,0,0,0,0,0,0,4,185,3,0,0,0,0,0,0,0,0,0,5,0,0,1055,0,0,0,0,24,1,0,0,0,0,323,0,0,0,0,10,0,0,0,724,0,0,0,0,0,0,0,0,834
0,0,0,0,0,0,0,1,0,0,0,0,0,2,0,0,0,0,0,0,0,0,0,0,0,0,0,0,0,0,0,0,0,0,0,0,0,0,0,0,0,0,0,0,0,0,0,0,0,0,0,0,5,0,0,0,0,0,0,0,6,0,0,0,0,0,0,0,0,0,0,30,0,0,0,0,0,0,0,0,0,0,0,0,0,0,0,6,0,0,0,0,0,0,0,0,0,0,0,0,7,0,0,0,0,0,0,0,12,0,0,0,0,0,0,126,0,46,0,0,0,0,0,0,0,0,6,0,0,0,0,0,0,0,0,0,0,0,0,0,0,0,0,0,0,0,0,0,0,0,0,0,0,0,2,0,0,0,0,0,0,0,0,0,0,0,0,0,0,0,0,0,0,0,0,0,0,0,0,0,0,0,0,0,0,0,0,0,0,0,0,0,0,17,0,0,0,0,0,2,1,0,0,0,0,0,0,0,0,0,0,0,42,106,0,0,0,0,0,0,0,0,0,0,0,0,0,0,0,0,0,0,0,0,0,0,12,0,0,0,0,0,0,0,0,0,1,0,0,0,1,0,0,0,0,53,1,3,0,0,0,0,0,0,0,0,0,0,3,169,0,0,0,0,1,3,0,0,0,0,2,0,0,0,0,0,0,0,0,8,0,0,0,0,0,0,0,0,87
0,0,0,0,0,0,0,69,0,0,0,0,0,0,0,0,0,0,0,0,0,0,18,0,0,0,0,0,0,0,0,0,0,0,0,0,0,0,0,0,0,0,0,0,0,0,0,0,0,1,0,0,0,260,0,0,0,1,0,0,3,0,0,0,0,0,1,0,0,0,0,0,0,0,0,0,0,0,0,0,0,0,0,0,0,0,0,0,137,0,0,0,0,0,0,0,0,0,0,11,0,0,0,0,0,0,0,0,0,0,0,0,0,0,0,1,0,0,0,0,0,0,0,0,0,0,0,0,0,0,0,0,0,0,0,0,0,0,0,0,0,0,0,0,0,0,0,0,0,229,0,0,0,0,0,0,0,0,0,0,0,0,0,0,0,0,24,0,0,0,0,0,0,0,0,0,0,0,8,0,1,0,0,0,0,0,0,0,2,0,0,0,0,0,0,0,0,0,0,0,0,0,0,0,0,0,0,0,0,0,0,0,0,9,233,0,0,0,0,0,0,0,0,0,0,0,0,0,0,0,0,0,0,0,0,0,0,0,0,0,0,0,0,0,0,0,0,0,0,0,0,0,0,0,0,0,59,0,0,0,0,0,3,0,0,0,0,0,0,102,0,0,0,0,1,0,0,0,0,0,0,16,0,0,0,0,0,0,0,8,0,0,0,0,0,0,0,0,110
0,0,0,0,0,0,0,40,0,0,0,0,0,0,0,0,0,0,0,0,0,0,0,0,0,0,0,0,0,0,0,0,0,0,0,5,0,0,0,0,0,0,0,0,0,0,0,0,0,0,0,0,0,0,0,0,28,10,0,0,27,0,0,0,0,0,3,0,0,0,0,7,0,0,0,0,0,0,0,0,0,0,0,0,0,0,0,5,3,0,0,0,0,0,0,0,0,0,0,0,0,0,0,0,0,0,0,0,0,0,0,0,0,0,0,50,0,9,0,0,0,0,0,0,0,0,14,0,0,0,0,0,0,0,0,0,0,0,0,0,0,0,0,0,0,0,0,0,0,17,0,0,0,0,0,0,0,0,0,0,0,0,0,7,0,0,0,0,0,0,0,0,0,0,0,0,0,0,5,0,0,0,0,0,0,0,0,0,0,0,0,0,0,0,0,0,0,0,0,0,0,0,0,0,0,0,0,0,0,0,0,0,33,70,18,0,0,0,0,0,0,0,0,0,0,0,0,0,0,0,0,0,0,0,0,0,13,0,0,0,0,0,0,0,0,0,0,0,0,0,0,0,0,0,0,0,0,0,0,0,0,0,1,0,0,0,0,0,0,91,0,0,0,0,0,0,0,0,0,0,2,0,0,0,0,4,0,0,0,53,1,0,0,0,0,0,0,0,29
0,0,0,0,0,0,0,433,0,0,0,0,0,0,0,0,0,0,0,1,0,0,0,0,0,0,0,0,0,0,0,0,0,0,0,83,0,0,0,0,0,0,0,0,0,0,0,0,0,0,0,0,0,0,0,0,10,3,0,0,4,0,7,0,0,0,0,0,0,0,0,7,0,0,1,0,0,0,0,0,0,0,0,0,0,0,0,0,0,0,0,0,0,0,0,0,0,0,0,0,0,0,0,0,0,0,0,0,0,0,0,0,0,0,0,11,0,14,0,0,0,0,0,0,0,0,9,4,0,5,0,0,0,0,0,0,0,0,0,0,0,0,0,0,0,0,0,0,0,0,0,0,0,0,50,0,0,0,0,0,0,0,0,106,0,0,0,0,0,0,0,0,0,85,0,0,0,2,2,0,0,0,0,0,0,0,0,0,6,0,0,0,0,1,0,0,0,0,0,0,0,0,0,0,0,0,0,0,0,0,0,0,4,861,2,0,0,0,0,0,0,0,0,0,0,0,0,0,0,0,0,0,0,0,0,0,5,0,0,0,0,0,0,0,0,0,1,0,0,0,0,0,0,0,0,0,7,0,0,0,0,0,0,0,0,0,0,0,0,1751,30,0,0,0,31,0,0,0,0,0,1,0,0,0,0,0,0,0,0,770,0,0,0,0,0,0,0,0,121
0,0,0,0,0,0,0,1267,0,0,0,0,0,0,0,0,0,0,0,0,0,0,0,0,0,0,0,0,0,0,0,0,0,0,0,110,0,0,0,0,0,0,0,0,0,0,0,0,0,0,0,0,0,0,0,0,38,12,0,0,61,0,1,0,0,0,0,0,0,0,0,42,0,0,0,0,0,0,0,0,0,0,0,0,0,0,0,33,0,0,0,0,0,0,0,0,0,0,0,0,36,0,0,0,0,0,0,0,2,0,0,0,0,0,0,478,0,328,0,0,0,0,0,0,0,0,367,20,0,17,0,0,0,0,0,0,0,0,0,0,0,0,0,0,0,0,0,0,0,0,0,0,0,0,18,0,0,0,0,0,0,0,0,68,0,0,0,0,0,3,0,20,0,46,0,0,0,23,1156,0,0,0,0,0,0,0,0,4,4,0,0,0,0,128,0,0,0,0,0,0,12,0,0,0,2,0,0,0,0,0,0,0,486,2879,3,0,0,0,0,0,2,0,0,0,0,0,0,0,0,0,0,0,0,0,0,0,25,0,2,0,0,0,0,0,4,0,17,0,0,0,0,0,0,0,0,169,82,0,0,0,0,0,1,0,0,0,0,0,2,4062,0,0,0,0,130,3,0,0,0,0,143,0,0,0,0,0,0,0,0,1417,0,0,0,0,0,0,0,0,705
0,0,0,0,0,0,0,0,0,106,0,0,0,0,0,0,0,0,0,0,0,0,38,0,0,0,0,0,0,0,0,0,0,0,0,0,0,0,0,0,0,0,0,0,0,0,0,0,0,0,0,0,0,0,0,0,190,0,0,0,0,0,0,0,35,0,0,0,0,0,0,0,0,0,0,0,0,0,0,0,0,0,0,0,0,0,0,122,0,0,0,0,0,0,0,0,0,0,0,0,133,0,0,0,0,0,0,0,1278,0,0,21,0,0,0,1533,0,32,0,0,0,0,0,0,0,0,0,0,0,0,0,0,0,0,0,0,0,0,0,0,0,0,0,0,0,0,0,0,0,3717,0,0,0,0,0,0,0,0,0,32,0,0,0,1,0,0,0,0,0,0,0,411,1,0,0,0,0,336,0,0,0,0,0,0,0,0,0,0,4,0,0,0,0,2488,0,0,0,0,0,0,35,0,0,0,116,0,0,0,0,0,0,13,1405,4390,1,0,0,0,0,0,0,0,0,0,0,0,0,0,0,0,0,0,0,0,0,0,0,0,0,0,0,0,0,0,0,0,0,0,0,0,0,0,0,0,0,0,0,0,0,0,0,0,0,0,0,0,27,0,0,60,0,0,0,0,0,10,0,0,0,0,569,0,0,0,0,0,0,0,0,1,0,0,0,69,0,0,0,27,535
0,0,0,0,0,0,0,665,0,0,0,0,0,0,0,0,0,0,0,0,0,0,0,1,0,0,0,0,0,0,0,0,0,0,0,28,0,0,0,0,0,0,0,0,0,0,0,0,0,0,0,0,0,0,0,0,25,4,0,0,12,0,1,0,0,0,0,0,0,0,0,1,0,0,0,0,0,0,0,0,0,0,0,0,0,0,0,7,0,0,0,0,0,1,0,0,0,0,0,0,7,0,0,0,0,0,0,0,0,0,0,2,0,0,0,176,0,246,0,0,0,0,0,0,0,0,96,5,0,0,0,0,0,0,0,0,0,0,0,0,0,0,0,0,0,0,0,0,0,1,0,0,0,0,0,0,0,0,0,0,0,0,0,38,0,0,0,0,0,1,0,8,0,10,0,0,0,1,7,0,0,0,0,0,0,0,0,0,3,0,0,0,0,60,0,0,0,0,0,1,0,0,0,0,0,0,0,0,0,0,0,0,156,697,1,0,0,0,0,0,0,0,0,0,0,0,0,0,0,0,0,0,0,0,0,0,177,0,0,0,0,0,0,0,0,0,2,0,0,0,1,0,0,0,0,28,19,0,0,0,0,0,0,0,0,0,0,0,84,1176,0,0,0,0,12,0,0,0,0,0,14,240,0,0,0,0,0,0,0,310,0,0,0,0,0,0,0,0,489
0,0,0,0,0,0,0,72,0,0,0,2,0,0,0,0,0,0,0,0,0,0,0,2,0,0,0,0,0,0,0,0,0,0,0,122,0,0,0,0,0,0,0,0,0,0,0,0,0,0,0,0,0,0,0,0,68,0,0,0,325,0,0,0,0,0,0,0,0,0,0,2,0,0,0,0,0,0,0,0,0,0,0,0,0,0,0,65,0,0,0,0,0,0,0,0,0,0,0,0,19,0,0,0,0,0,0,0,0,0,0,0,0,0,0,603,0,43,0,0,0,0,0,0,0,0,20,0,0,2,0,0,0,0,0,0,0,0,0,0,0,0,0,0,0,0,0,0,0,251,0,0,0,0,0,0,0,0,0,0,0,0,0,1,0,0,0,0,0,0,0,37,3,1,0,0,0,143,0,0,0,0,0,0,0,0,0,0,13,0,0,0,0,91,0,0,0,0,6,3,0,0,0,0,1,0,0,0,0,0,0,0,728,1318,0,0,0,0,0,0,0,0,0,0,0,0,3,0,0,0,0,0,0,0,0,0,773,0,0,0,0,0,0,0,2,0,64,0,0,0,8,0,0,0,3,142,0,0,0,0,0,0,0,0,0,0,0,0,0,2385,0,0,0,0,20,0,0,0,0,0,194,0,0,0,0,0,0,0,0,757,0,0,0,0,0,0,0,0,290
0,0,0,0,0,0,0,1,0,0,0,0,0,0,0,0,0,0,0,0,0,0,0,0,0,0,0,0,0,0,0,0,0,0,0,8,0,0,0,0,0,0,0,0,0,0,0,0,0,0,0,0,0,0,0,0,0,0,0,0,8,0,0,0,0,0,0,0,0,0,0,0,0,0,0,0,0,0,0,0,0,0,0,0,0,0,0,0,0,0,0,0,0,0,0,0,0,0,0,0,0,0,0,0,0,0,0,0,1,0,0,0,0,0,0,50,0,1,0,0,0,0,0,0,0,0,0,609,0,3,0,0,0,0,0,0,0,0,0,0,0,0,0,0,0,0,0,0,0,13,0,0,0,0,0,0,0,0,0,0,0,0,0,0,0,0,0,0,0,0,0,0,0,0,0,0,0,7,0,0,0,0,0,0,0,0,0,0,0,0,0,0,0,24,0,0,0,0,0,0,15,0,0,0,0,0,0,0,0,0,0,0,69,97,1,0,0,0,0,0,0,0,0,0,0,0,0,0,0,0,0,0,0,0,0,0,149,0,0,0,0,0,0,0,0,0,15,0,0,0,0,0,0,0,0,12,0,0,0,0,0,0,0,0,0,0,0,0,0,495,0,0,0,0,0,0,0,0,0,0,5,0,0,0,0,0,0,0,0,0,0,0,0,0,0,0,0,0,38
0,0,0,0,0,0,0,149,0,0,0,0,0,0,0,0,0,0,0,0,0,0,0,0,0,3,0,0,0,0,0,0,0,0,0,4,0,0,0,0,0,0,0,0,0,0,0,0,0,0,0,0,0,0,0,0,80,20,0,0,9,0,3,0,0,0,0,0,0,0,0,0,0,0,0,0,0,0,0,3,0,0,0,0,0,0,0,0,0,0,0,0,0,0,0,0,0,0,0,0,5,0,0,0,0,0,0,0,0,0,0,0,0,0,0,0,0,9,0,0,0,0,0,0,0,0,4,0,0,0,0,0,0,0,0,0,0,0,0,0,0,0,0,0,0,0,0,0,0,0,0,0,7,0,0,0,0,0,0,0,0,0,0,5,0,0,0,0,0,0,0,3,0,0,0,0,0,0,0,0,0,0,0,0,2,0,0,0,0,0,0,0,0,0,0,0,0,0,0,0,0,0,0,0,0,0,0,0,0,0,0,0,0,159,21,0,0,0,0,0,0,0,0,0,0,0,0,0,0,0,0,0,0,0,0,0,19,0,0,0,0,0,0,0,0,0,10,0,0,0,0,0,0,0,0,0,0,0,0,0,0,0,5,0,0,0,0,0,0,225,0,0,0,0,0,0,0,0,0,0,0,0,0,0,0,0,0,0,0,10,0,0,0,0,0,0,0,0,60
0,0,0,0,0,0,0,1220,0,0,0,0,0,0,0,0,0,0,0,0,0,0,0,0,0,0,0,0,0,0,0,0,0,0,0,86,0,0,0,0,0,0,0,0,0,0,0,0,0,0,0,0,0,1,0,0,135,10,0,0,6,0,11,0,0,0,0,0,0,0,0,17,0,0,0,0,0,0,0,0,0,0,1,0,0,0,0,0,0,0,0,0,0,0,0,0,0,0,0,0,8,0,0,0,0,0,0,0,0,0,0,0,0,0,0,5,0,32,0,0,0,0,0,0,0,0,130,4,0,0,0,0,0,0,0,0,0,0,0,0,0,0,0,0,0,0,0,0,0,2,0,0,0,0,122,0,0,0,0,0,0,0,0,36,0,0,0,0,0,0,0,17,0,13,0,0,1,0,1,0,0,0,0,0,0,0,0,0,0,0,0,0,0,5,0,0,0,1,0,0,0,0,0,0,0,0,0,0,0,0,0,0,0,775,8,0,0,0,0,0,0,0,0,0,0,0,0,0,0,0,0,0,0,0,0,0,165,0,0,0,0,0,0,0,0,0,18,0,0,0,0,0,0,0,0,1,74,0,0,0,0,0,0,0,0,0,0,0,0,736,0,0,0,0,3,0,0,0,0,0,2,1,0,0,0,0,0,0,0,672,0,0,0,0,0,0,0,0,79
0,0,0,0,0,0,0,124,0,0,0,0,0,0,0,0,0,0,0,0,0,0,0,0,0,0,0,0,0,0,0,0,0,0,0,9,0,0,0,0,0,0,0,0,0,0,0,0,0,0,0,0,0,0,0,0,2,0,0,0,1,0,0,0,2,0,0,0,0,0,0,1,0,0,0,0,0,0,0,0,0,0,0,0,0,0,0,0,0,0,0,0,0,0,0,0,0,0,0,0,0,0,0,0,0,0,0,0,0,0,0,0,0,0,0,16,0,17,0,0,0,0,0,0,0,0,28,0,0,0,0,0,0,0,0,1,0,0,0,0,0,0,0,0,0,0,0,0,0,0,0,0,0,0,2,0,0,0,0,0,0,1,0,0,0,0,0,0,0,0,0,0,0,0,0,0,0,0,0,0,0,0,0,0,2,1,0,0,0,0,0,0,0,8,0,0,1,0,0,0,0,0,0,0,0,0,0,0,0,0,0,0,2,262,2,0,0,0,0,0,0,0,4,0,0,0,0,0,0,0,0,0,0,0,0,0,6,0,0,0,0,0,0,0,0,0,0,0,0,0,0,0,0,0,0,0,0,0,0,0,0,0,0,0,0,0,2,0,0,630,0,0,0,0,0,0,0,0,0,0,0,0,0,0,0,0,0,0,0,165,0,0,0,0,0,0,0,0,18
0,0,0,0,0,0,0,37,0,0,0,0,0,0,0,0,0,0,0,0,0,0,0,0,0,0,0,0,0,0,0,0,0,0,0,0,0,0,0,0,0,0,0,0,0,0,0,0,0,0,0,6,0,0,0,0,15,7,0,0,0,0,0,0,0,0,0,0,0,0,0,0,0,0,0,3,0,0,0,0,0,0,0,0,0,0,0,0,0,0,0,0,0,0,0,0,0,0,0,0,0,0,0,0,0,0,0,0,0,0,0,0,0,0,0,6,0,14,0,0,0,0,0,0,0,0,0,0,0,0,0,0,0,0,0,0,0,0,0,0,0,0,0,0,0,0,0,0,0,0,0,0,0,0,0,0,0,0,0,0,0,0,0,1,0,0,0,0,0,0,0,0,0,0,0,0,0,0,12,0,0,0,0,0,4,0,0,0,0,0,0,0,0,0,0,0,0,0,0,0,0,0,0,0,0,0,0,0,0,0,0,0,6,52,19,0,0,0,0,0,0,0,0,0,0,0,0,0,0,0,0,0,0,0,0,0,4,0,0,0,0,0,0,0,0,0,0,0,0,0,0,0,0,0,0,0,13,0,0,0,0,0,0,0,0,0,0,0,0,214,0,0,0,0,0,0,0,0,0,0,0,0,0,0,0,0,0,0,0,21,0,0,0,0,0,0,0,0,33
0,0,0,0,0,0,0,162,0,0,0,0,0,1,0,0,0,0,0,0,0,0,0,0,0,0,0,0,0,0,0,0,0,0,0,21,0,0,0,0,0,0,0,0,0,0,0,0,0,0,0,0,26,0,0,0,135,116,1,0,106,0,2,0,0,0,0,0,0,0,0,20,0,0,0,0,0,0,0,0,0,0,0,0,0,0,0,3,0,0,12,0,0,1,0,0,0,0,0,0,31,0,0,0,0,0,0,0,5,0,0,0,0,0,0,299,0,143,0,0,0,0,0,0,0,0,89,39,0,8,0,0,0,0,0,0,0,0,0,0,0,0,0,0,0,0,15,0,0,337,0,0,0,0,37,0,0,0,0,0,0,0,0,7,0,0,0,0,0,0,0,6,0,11,0,0,0,22,561,0,0,0,2,0,0,0,0,0,21,0,0,0,0,51,0,0,0,0,0,0,2,0,0,0,3,0,0,0,0,0,0,0,356,1126,2,0,0,0,0,0,0,0,0,0,0,0,0,0,0,0,0,0,0,0,0,0,146,0,15,0,0,0,0,0,4,0,47,0,0,0,0,0,0,0,6,0,26,0,0,0,0,0,0,0,0,0,1,0,38,926,0,0,0,0,57,1,0,3,0,0,283,0,0,0,0,0,0,0,0,180,0,0,0,0,0,0,0,0,400
0,0,0,0,0,0,0,13,0,0,0,0,0,0,0,0,0,0,0,0,0,0,0,1,0,0,0,0,0,0,0,0,0,0,0,1,0,0,0,0,0,0,0,0,0,0,0,0,0,0,0,0,0,0,0,0,4,1,0,0,4,0,0,0,0,0,0,0,0,0,0,3,0,0,0,0,0,0,0,0,0,0,0,0,0,0,0,0,0,0,0,0,0,0,0,0,0,0,0,0,0,0,0,0,0,0,0,0,0,0,0,0,0,0,0,25,0,7,0,0,0,0,0,0,0,0,2,0,0,1,0,0,0,0,0,0,0,0,0,0,0,0,0,0,0,0,0,0,0,0,0,0,0,0,2,0,0,0,0,0,0,0,0,8,0,0,0,0,0,0,0,0,0,2,0,0,0,3,51,0,0,0,0,0,1,0,0,0,0,0,0,0,0,0,0,0,0,0,0,0,0,0,0,0,0,0,0,0,0,0,0,0,31,76,27,0,0,0,0,0,0,0,0,0,0,0,0,0,0,0,0,0,0,0,0,0,0,0,0,0,0,0,0,0,0,0,0,0,0,0,0,0,0,0,0,0,0,0,0,0,0,0,1,0,0,0,0,0,0,212,0,0,0,0,2,0,0,0,0,0,0,0,0,0,0,0,0,1,0,1,0,0,0,0,0,0,0,0,39
0,0,0,0,0,0,0,964,0,0,0,0,0,0,0,0,0,0,0,0,0,0,0,0,0,0,0,0,0,0,0,0,0,0,0,42,0,0,0,0,0,0,0,0,0,0,0,0,0,0,0,0,5,0,1,0,109,32,0,0,38,0,0,0,0,0,0,0,0,0,0,11,0,0,4,0,0,0,0,0,0,0,0,0,0,0,0,5,0,0,0,0,0,4,0,0,0,0,0,0,28,0,0,0,0,0,0,0,0,0,0,0,0,0,0,330,0,81,0,0,0,0,0,0,0,0,235,6,0,0,0,0,0,0,0,0,0,0,0,0,0,0,0,0,0,0,1,0,0,0,0,0,0,0,73,0,0,0,0,0,0,0,0,43,0,0,0,0,0,0,0,1,0,15,0,0,0,19,945,0,0,0,0,0,0,0,0,0,54,0,0,0,0,69,0,0,0,0,2,0,11,0,0,0,0,0,0,0,0,0,0,0,748,1439,0,0,0,0,0,0,0,0,0,0,0,0,0,0,0,0,0,0,0,0,0,0,53,0,104,0,0,0,0,0,0,0,2,0,0,0,15,29,0,0,0,155,60,0,0,0,0,0,0,0,0,0,0,0,17,1162,0,0,0,0,39,3,0,0,0,0,59,0,0,0,0,0,0,0,0,608,0,0,0,3,0,0,0,0,687
54,0,0,0,0,0,0,975,0,0,0,0,0,0,0,0,0,0,0,0,0,0,0,0,0,0,0,0,0,0,0,0,0,0,0,400,0,0,0,0,0,0,0,0,0,0,0,0,0,0,0,0,10,1,19,0,1130,1132,0,0,626,0,0,0,0,0,0,0,0,0,0,9,0,0,0,0,0,0,0,0,0,0,0,0,0,0,0,47,0,0,0,0,0,0,0,0,0,0,0,0,23,0,0,0,0,0,0,0,0,0,0,0,0,0,0,442,0,602,0,0,0,0,0,0,0,0,527,19,0,0,0,0,0,0,0,0,0,0,0,0,0,0,0,0,0,0,0,0,0,324,0,0,0,0,56,0,0,0,0,0,0,0,0,105,0,0,14,0,0,0,0,0,0,9,0,0,0,0,4536,0,0,0,0,0,0,0,0,0,150,0,0,0,0,39,0,0,0,38,2,0,0,0,0,7,0,0,0,0,0,0,0,0,379,7186,69,0,0,0,0,0,0,0,14,0,0,0,0,0,0,0,0,0,0,0,0,0,45,0,0,0,0,0,0,0,12,0,27,0,0,0,0,0,0,0,0,234,127,2,0,0,0,0,0,0,0,0,16,0,175,3573,0,0,0,0,426,0,0,2,0,0,248,3,0,0,0,0,0,0,0,2566,0,0,0,59,0,0,0,0,1240
3,0,0,0,0,0,0,957,0,0,0,0,0,0,0,0,0,0,0,0,0,0,0,0,0,0,0,0,0,0,0,0,0,0,0,87,0,0,0,0,0,0,0,0,0,0,0,0,0,0,0,0,2,2,0,0,117,37,0,0,36,0,0,0,0,0,0,0,0,0,0,0,0,0,0,0,0,0,0,0,0,0,1,0,0,0,0,8,0,0,0,0,0,0,0,0,0,0,0,0,1,0,0,0,0,0,0,0,0,0,0,0,0,0,0,43,0,131,0,0,0,0,0,0,0,0,253,0,0,0,0,0,0,0,0,0,0,0,0,0,0,0,0,0,0,0,0,0,0,80,0,0,0,0,0,0,0,0,0,0,0,0,0,145,0,0,0,0,0,0,0,14,0,21,0,0,0,0,134,0,0,0,0,0,0,0,0,0,6,0,0,0,0,93,0,0,0,0,0,0,4,0,0,0,0,0,0,0,0,0,0,0,127,1708,0,0,0,0,0,0,0,0,0,0,0,0,0,0,0,0,0,0,0,0,0,0,206,0,1,0,0,0,0,0,0,0,0,0,0,0,0,0,0,0,0,0,124,0,0,0,0,0,0,0,0,0,1,0,0,1530,0,0,0,0,120,0,0,0,0,0,51,0,0,0,0,0,0,0,0,745,0,0,0,0,0,0,0,0,871
0,0,0,0,0,0,0,36,0,0,0,0,0,0,0,0,0,0,0,0,0,0,0,0,0,0,0,0,0,0,0,0,0,0,0,1,0,0,0,2,0,0,0,0,0,0,0,0,0,0,0,0,0,0,0,0,0,0,0,0,0,0,0,0,1,0,0,0,0,0,0,0,0,0,3,0,0,0,0,0,0,0,0,0,0,0,0,0,0,0,0,0,0,0,0,0,0,0,0,0,0,0,0,0,0,0,0,0,0,0,0,6,0,0,0,7,0,21,0,0,0,0,0,0,0,0,0,0,0,0,0,0,0,0,0,0,0,0,0,0,0,0,0,0,0,0,0,0,0,0,0,0,0,0,0,0,0,0,0,0,0,0,0,5,0,0,0,0,0,0,0,0,0,0,0,0,0,0,0,0,0,0,0,0,5,0,0,0,0,0,0,0,0,22,0,0,0,0,0,0,0,0,0,0,0,0,0,0,0,0,0,0,1,160,7,0,0,3,0,0,0,0,0,0,0,0,0,3,0,0,0,0,0,0,0,0,0,0,0,0,0,0,0,0,0,0,0,0,0,0,0,0,0,0,0,0,0,0,0,0,0,0,0,0,0,0,0,0,0,61,0,0,0,0,11,0,0,0,0,0,0,0,0,0,0,0,0,0,0,88,0,0,0,0,0,0,0,0,52
0,0,0,0,0,0,0,82,0,0,0,0,0,0,0,0,0,0,0,0,0,0,0,0,0,0,0,0,0,0,0,0,0,0,0,10,0,0,0,0,0,0,0,0,0,0,0,0,0,0,0,0,0,0,0,0,5,0,0,0,7,0,0,0,0,0,0,0,0,0,0,1,0,0,0,0,0,0,0,0,0,0,0,0,0,0,0,0,0,0,0,0,0,0,0,0,0,0,0,0,0,0,0,0,0,0,0,0,0,0,0,0,0,0,0,6,0,2,0,0,0,0,0,0,0,0,3,4,0,0,0,0,0,0,0,0,0,0,0,0,0,0,0,0,0,0,0,0,0,6,0,0,0,0,1,0,0,0,0,0,0,0,0,19,0,0,0,0,0,0,0,0,0,0,0,0,0,0,7,0,0,0,0,0,0,0,0,0,0,0,0,0,0,9,0,0,0,0,0,0,3,0,0,0,0,0,0,0,0,0,0,0,0,265,0,0,0,0,0,0,0,0,0,0,0,0,0,0,0,0,0,0,0,0,0,0,6,0,0,0,0,0,0,0,0,0,0,0,0,0,0,0,0,0,0,0,3,0,0,0,0,0,0,0,0,0,1,0,0,117,0,0,0,0,6,0,0,0,0,0,0,0,0,0,0,0,0,0,0,115,0,0,0,0,0,0,0,0,45
0,0,0,28,0,0,0,0,0,0,0,0,0,0,0,0,0,0,0,0,0,0,0,0,0,0,0,0,0,0,0,0,0,0,0,0,0,0,0,0,0,0,0,0,0,0,0,0,0,0,0,0,0,0,0,0,257,206,0,0,85,0,0,0,0,0,0,0,0,0,0,0,0,0,0,0,0,0,0,0,0,0,0,0,0,0,0,166,0,0,0,0,0,0,0,0,0,1,0,0,72,0,0,0,0,0,0,0,0,0,0,0,0,0,0,2221,0,82,0,0,0,0,0,0,0,0,60,0,0,4,0,0,1,0,13,0,0,0,0,0,0,0,0,0,0,0,0,0,0,59,0,0,0,0,37,0,0,0,0,0,0,0,0,114,0,0,0,0,0,0,0,44,0,14,0,0,0,24,0,0,0,0,0,0,0,0,0,0,448,0,0,0,0,1710,0,0,0,0,1,0,301,0,0,0,0,0,0,0,0,1,0,0,473,3215,0,0,0,0,0,0,0,0,0,0,0,0,0,0,0,0,0,0,0,0,0,0,0,0,0,0,0,0,0,0,0,0,13,0,0,0,0,0,0,0,0,0,13,0,0,0,0,0,0,0,0,0,335,0,0,7045,0,0,0,0,512,1,0,0,0,0,92,0,0,0,0,0,0,0,0,1835,0,0,0,0,0,0,0,0,320
0,0,0,0,2,0,0,8,0,0,0,0,0,0,0,0,0,0,0,0,0,0,0,0,0,0,0,0,0,0,0,0,0,0,0,0,0,0,0,0,0,0,0,0,0,0,0,0,0,0,0,0,0,0,0,0,0,0,0,0,0,0,0,0,0,0,0,0,0,0,0,0,0,0,0,0,0,0,0,0,0,0,0,0,0,0,0,4,0,0,0,0,0,0,0,0,0,0,0,0,0,0,0,0,0,0,0,0,0,0,0,0,0,0,0,9,0,11,0,0,0,0,0,0,0,0,3,0,0,0,0,0,0,0,0,0,0,0,0,0,0,0,0,0,0,0,0,0,0,5,0,0,0,0,0,0,0,0,0,0,0,0,0,2,0,0,0,0,0,0,0,1,0,5,0,0,0,0,0,0,0,0,1,0,0,0,0,0,0,0,0,0,0,8,0,0,0,0,0,0,0,0,0,0,0,0,0,0,0,0,0,0,12,29,1,0,0,0,0,0,0,0,0,0,0,0,0,0,0,0,0,0,0,0,0,0,20,0,0,0,0,0,0,0,0,0,4,0,0,0,0,0,0,0,0,0,2,0,0,0,0,0,0,0,0,0,0,0,0,1,0,0,0,0,0,0,0,0,0,0,0,0,0,0,0,0,0,0,0,12,0,0,0,0,0,0,0,0,20
0,0,0,0,0,0,0,1460,0,0,0,1,0,0,0,0,0,0,0,0,0,0,0,0,0,0,0,0,0,0,0,0,0,0,0,83,0,0,0,0,0,0,0,0,0,0,0,0,0,0,0,0,0,0,0,0,75,6,0,0,15,0,0,0,0,0,0,0,0,0,0,5,0,0,0,0,0,0,0,0,0,0,0,0,0,0,0,10,0,0,0,0,0,0,0,0,0,0,0,0,11,0,0,0,0,0,0,0,0,0,0,0,0,0,0,194,0,142,0,0,0,0,0,0,0,0,106,2,0,94,0,0,0,0,2,0,0,0,0,0,0,0,0,0,0,0,0,0,0,207,0,0,0,0,45,0,0,0,0,0,0,0,0,134,0,0,0,0,0,0,0,26,0,104,0,0,0,22,0,0,0,0,0,0,0,0,0,0,33,0,0,0,0,108,0,0,0,0,0,7,3,0,0,0,0,0,0,0,0,0,0,0,460,1779,0,0,0,0,0,0,0,0,0,0,0,0,0,0,0,0,0,0,0,0,0,0,243,0,0,0,0,0,0,0,0,0,6,0,0,0,0,0,0,0,5,0,46,0,0,0,0,0,0,0,0,0,0,0,0,1403,0,0,0,0,25,33,0,0,0,0,107,0,0,0,0,0,0,0,0,824,0,0,0,0,0,0,0,0,85
0,0,0,0,0,0,0,28,0,0,0,0,0,0,0,0,0,0,0,0,0,0,0,0,0,0,0,0,0,0,0,0,0,0,0,0,0,0,0,0,0,0,0,0,0,0,0,0,0,0,0,0,0,0,0,0,8,0,0,0,0,0,0,0,0,0,0,0,0,0,0,0,0,0,0,0,0,0,0,0,0,0,0,0,0,0,0,0,0,0,0,0,0,0,0,0,0,0,0,0,0,0,0,0,0,0,0,0,0,0,0,0,0,0,0,2,0,33,0,0,0,0,0,0,0,0,6,0,0,0,0,0,0,0,0,0,0,0,0,0,0,0,0,0,0,0,0,0,0,0,0,0,0,0,0,0,0,0,0,0,0,0,0,2,0,0,0,0,0,0,0,0,0,14,0,0,0,0,0,0,0,0,0,0,1,0,0,0,0,0,0,0,0,6,0,0,0,0,0,0,0,0,0,0,0,0,0,0,0,0,0,0,0,23,3,0,0,0,0,0,0,0,3,0,0,0,1,0,0,0,0,0,0,0,0,0,16,0,0,0,0,0,0,0,0,0,0,0,0,0,0,0,0,0,0,0,5,0,0,0,0,0,0,0,0,0,0,0,0,107,0,0,0,0,0,0,0,0,0,0,0,0,0,0,0,0,0,0,0,35,0,0,0,0,0,0,0,0,8
0,0,0,0,0,0,0,81,0,0,0,0,76,0,0,0,0,0,0,0,0,0,2,0,0,0,0,0,0,0,0,0,0,0,0,0,0,0,0,0,0,0,0,0,0,1,0,0,0,0,0,0,0,186,0,0,1,195,0,0,0,0,0,0,75,0,0,0,0,0,0,54,0,0,0,0,0,0,0,0,0,0,0,0,0,0,0,2,0,0,0,0,0,0,0,0,0,0,0,0,1,0,0,0,0,0,0,0,0,0,0,0,0,0,0,522,0,0,0,0,0,0,4,0,0,0,0,0,0,0,0,0,0,0,0,0,0,0,0,0,0,0,0,0,0,0,0,0,0,220,0,0,0,0,0,0,0,0,0,0,0,0,0,1,0,0,0,0,0,0,0,0,0,0,0,0,0,0,197,0,61,0,0,0,0,0,0,0,71,0,0,0,0,4,0,0,0,0,0,1,0,0,0,0,0,0,34,0,0,0,0,0,391,184,1268,0,0,0,0,0,0,0,0,0,0,0,418,0,0,0,0,0,0,0,0,0,0,0,181,0,0,0,0,0,74,0,78,1,0,0,0,0,0,0,0,0,0,0,0,0,0,0,0,0,0,0,184,0,0,1392,0,0,0,0,262,0,0,0,0,0,142,1791,0,0,0,0,0,0,0,3,0,0,0,0,0,0,0,0,1240
0,0,0,0,0,0,0,1,0,0,0,0,0,0,0,0,0,0,0,0,0,0,0,0,0,0,0,0,0,0,0,0,0,0,0,0,0,0,0,0,0,0,0,0,0,0,0,0,0,0,0,0,0,1,0,0,0,0,0,0,0,0,0,0,0,0,0,0,0,0,0,0,0,0,0,0,0,0,0,0,0,0,0,0,0,0,0,0,0,0,0,0,0,0,0,0,0,0,0,0,0,0,0,0,0,0,0,0,0,0,0,0,0,0,0,0,0,0,0,0,0,0,0,0,0,0,0,0,0,0,0,0,0,0,0,0,0,0,0,0,0,0,0,0,0,0,0,0,0,0,0,0,0,0,0,0,0,0,0,0,0,0,0,0,0,0,0,0,0,0,0,0,0,0,0,0,0,0,0,0,0,0,0,0,0,0,0,0,0,0,0,0,0,0,0,0,0,0,0,0,0,0,0,0,0,0,0,0,0,0,0,0,3,2,2,0,0,0,0,0,0,0,0,0,0,0,0,0,0,0,0,0,0,0,0,0,0,0,0,0,0,0,0,0,0,0,0,0,0,0,0,0,0,0,0,0,0,0,0,0,0,0,0,0,0,0,0,0,0,0,0,0,0,0,0,0,0,0,0,0,0,746,0,0,0,0,0,0,0,0,0,0,0,0,0,0,0,0,5
0,0,0,0,0,0,0,3,0,0,0,0,0,0,0,0,0,0,0,0,0,0,0,0,0,0,0,0,0,0,0,0,0,0,0,0,0,0,0,0,0,0,0,0,0,0,0,0,0,0,0,0,0,0,0,0,0,0,0,0,0,0,0,0,0,0,0,0,0,0,0,13,0,0,0,0,0,0,0,0,0,0,0,0,0,0,0,0,0,0,0,0,0,0,0,0,0,0,0,0,0,0,0,18,0,0,0,0,0,0,19,0,0,0,17,0,0,0,0,0,0,0,0,0,0,0,0,0,0,0,0,0,0,0,0,0,0,0,0,0,0,0,0,0,0,0,0,0,0,0,0,0,0,0,0,0,0,0,0,0,0,0,0,1,0,0,0,0,0,0,0,0,0,0,0,0,0,0,0,0,0,0,0,0,2,0,0,0,0,0,0,0,0,1,0,0,0,0,0,0,0,0,0,0,0,0,0,0,0,0,0,0,0,2,43,0,0,0,0,0,0,0,0,0,0,0,0,0,0,0,0,0,0,0,0,0,0,0,0,0,0,0,0,0,0,0,0,0,0,0,0,0,0,0,0,0,0,0,0,0,0,0,0,0,0,0,0,0,0,2,0,0,0,0,13,0,0,0,0,0,0,0,0,0,0,0,0,0,0,0,0,0,0,0,0,0,0,0,57
0,0,0,51,0,8,0,38,0,0,0,0,0,0,89,0,29,0,0,0,0,0,40,0,0,0,0,0,0,0,0,0,0,0,0,0,0,42,0,0,0,0,0,0,0,0,0,0,0,0,75,27,0,324,0,0,16,7,0,0,0,0,0,0,0,0,0,0,0,0,0,74,0,0,0,0,0,0,0,0,0,0,90,0,0,0,0,0,0,0,0,1,0,0,0,0,5,0,0,0,0,0,0,0,0,0,0,0,0,0,0,14,0,0,0,280,0,589,0,0,0,0,0,143,59,0,0,5,3,0,0,0,0,0,0,0,0,0,0,0,0,0,0,0,0,0,0,70,0,864,0,0,0,0,0,0,0,0,0,0,0,0,0,0,0,0,0,0,0,0,0,0,953,0,0,0,0,10,213,0,0,0,0,0,5,0,0,0,0,0,0,0,0,0,0,0,0,0,0,0,0,0,0,0,0,0,0,0,0,0,0,0,99,1153,981,0,0,0,0,0,0,0,0,0,0,0,8,0,0,0,0,0,0,0,0,0,137,0,0,0,0,0,0,0,0,0,0,0,0,0,0,0,0,0,0,0,0,0,0,0,0,0,33,0,0,0,54,0,96,5821,0,0,0,0,0,0,0,0,0,0,0,2499,0,0,0,0,0,0,0,176,0,0,0,0,0,0,0,0,732
0,0,0,0,0,0,0,186,0,0,0,0,0,0,0,0,0,0,0,0,0,0,1,0,0,0,0,0,0,0,0,0,0,0,0,115,0,0,0,0,0,0,1,0,0,0,0,0,0,0,0,0,0,0,0,0,170,26,0,0,55,0,0,0,0,0,0,0,0,0,0,0,0,0,0,0,0,0,0,0,0,0,0,0,0,0,0,52,0,0,0,0,0,3,0,0,0,0,0,0,27,0,0,0,0,0,0,0,15,0,0,0,0,0,0,488,0,240,0,0,0,0,0,0,0,0,94,2,0,1,0,0,0,0,1,0,0,0,0,0,0,0,0,0,0,0,0,0,0,35,0,0,0,0,15,0,0,0,0,2,0,0,0,119,0,0,0,0,0,0,0,0,0,13,0,0,0,108,1,0,0,0,0,0,1,0,0,3,28,0,0,0,0,725,0,0,0,0,0,6,71,0,0,0,0,0,0,0,0,0,0,0,362,1699,1,0,0,0,0,0,0,0,0,0,0,0,0,0,0,0,0,0,0,0,0,0,31,0,0,0,0,0,0,0,1,0,7,0,0,0,5,0,0,0,6,663,31,0,0,0,0,0,0,0,0,0,0,0,1,927,0,0,0,0,12,3,0,0,0,0,122,0,0,0,0,0,0,0,0,370,0,0,0,0,0,0,0,0,1012
2,0,0,0,0,0,0,825,0,0,0,0,0,0,0,0,0,0,0,0,0,0,0,7,0,0,0,0,0,0,0,0,0,0,0,76,0,0,0,0,0,0,0,0,0,0,0,0,0,0,0,0,0,0,0,0,37,5,0,0,35,0,0,0,0,0,0,0,0,0,0,0,0,0,1,0,0,0,0,0,0,0,0,0,0,0,0,13,0,0,0,0,0,0,0,0,0,0,0,0,24,0,0,0,0,0,0,0,14,0,0,0,0,0,0,219,0,26,0,0,0,0,0,0,0,0,67,3,0,0,0,0,0,0,0,0,0,0,0,0,0,0,0,0,0,0,0,0,0,0,0,0,0,0,33,0,0,0,0,1,0,0,0,164,0,0,0,0,0,1,0,11,0,27,0,0,0,8,0,0,0,0,0,0,0,0,0,0,1,0,0,0,0,23,0,0,0,0,1,11,18,0,0,0,0,0,0,0,0,0,0,0,729,1278,0,0,0,0,0,0,0,0,0,0,0,0,0,0,0,0,0,0,0,0,0,0,26,0,0,0,0,0,0,0,0,0,1,0,0,0,2,0,0,0,0,193,11,0,0,0,0,0,0,0,0,0,0,0,0,1009,0,0,0,0,85,0,0,0,0,0,58,0,0,0,0,0,0,0,0,385,0,0,0,0,0,0,0,0,416
0,0,0,0,4,0,0,9,0,0,0,0,0,0,0,0,0,0,0,0,0,0,0,0,0,0,0,0,0,0,0,0,2,0,0,2,0,1,0,0,0,0,1,0,0,0,9,0,0,0,0,1,2,6,0,0,28,3,0,0,4,0,1,0,11,0,0,0,0,0,0,3,0,0,0,0,0,2,1,0,0,0,2,0,0,0,0,0,0,0,0,0,0,0,0,0,0,0,0,1,0,2,0,0,0,0,0,0,2,0,3,72,0,0,0,80,0,30,0,0,0,0,0,1,0,0,11,0,0,0,0,0,0,0,0,2,0,0,0,0,0,0,0,0,0,0,9,0,0,27,0,0,0,0,6,3,0,0,0,0,0,0,0,38,0,0,2,3,0,3,0,0,0,2,0,0,0,0,212,0,0,0,0,0,2,0,0,0,11,0,1,0,0,2,0,0,2,1,0,0,0,0,0,0,0,0,0,0,0,0,0,0,26,341,8,0,0,0,0,0,0,0,0,0,0,0,0,0,0,0,0,0,10,0,0,0,4,0,3,0,0,0,0,0,2,0,6,0,0,9,0,0,0,0,0,15,0,0,0,0,0,0,1,0,0,0,0,5,0,4304,0,0,0,0,40,0,0,0,0,0,29,0,0,0,3,0,0,1,0,139,0,0,0,0,0,0,3,0,87
18,0,0,0,0,0,0,199,0,0,0,0,0,6,0,0,0,0,0,0,0,0,118,0,0,0,0,0,0,0,0,0,0,0,0,27,0,0,0,0,0,0,0,0,0,0,0,0,0,0,0,0,0,0,0,0,94,49,1,0,43,0,0,0,0,0,0,0,0,0,0,22,0,0,0,0,0,0,0,0,0,0,0,0,0,0,0,10,0,0,0,0,0,3,0,0,0,0,0,0,5,0,0,0,0,0,0,0,12,0,0,0,0,0,0,201,0,172,0,0,0,0,0,0,0,0,197,1,0,0,0,0,0,0,0,0,0,0,0,0,0,0,0,0,0,0,15,0,0,0,0,0,0,0,21,0,0,0,0,0,0,0,0,5,0,0,0,0,0,0,0,17,2,24,0,0,0,0,3,0,0,0,0,0,0,0,0,2,36,0,0,0,0,32,0,0,0,0,0,0,31,0,0,0,0,0,0,0,0,0,0,0,215,959,6,0,0,0,0,0,0,0,0,0,0,0,0,0,0,0,0,0,0,0,0,0,14,0,10,0,0,0,1,0,0,0,6,0,0,0,0,0,0,0,0,30,11,0,0,0,0,0,0,0,0,0,0,0,7,829,0,0,0,0,4,5,0,0,0,0,7,0,0,0,0,0,0,0,0,312,0,0,0,0,0,0,0,0,227
2,0,0,0,0,0,0,234,0,0,0,0,0,0,0,0,0,0,0,0,0,0,0,0,0,0,0,0,0,0,0,0,0,0,0,67,0,0,0,0,0,0,0,0,0,0,0,0,0,0,0,0,0,0,1,0,35,13,0,0,28,0,0,0,0,0,0,0,0,0,0,3,0,0,0,0,0,0,0,0,0,0,0,0,0,0,0,4,0,0,0,0,0,22,0,0,0,0,0,0,0,0,0,0,0,0,0,0,0,0,0,0,0,0,0,409,0,95,0,0,0,0,0,0,0,0,163,32,0,0,0,0,0,0,0,0,0,0,0,0,0,0,0,0,0,0,0,0,0,0,0,0,0,0,16,0,0,0,0,0,0,0,0,105,0,0,0,0,0,0,0,16,0,43,0,0,0,16,13,0,0,0,0,0,0,0,0,0,26,0,0,0,0,99,0,0,0,0,0,18,0,0,0,0,0,0,0,0,0,0,0,0,209,1514,0,0,0,0,0,0,0,0,0,0,0,0,0,0,0,0,0,0,0,0,0,0,97,0,0,0,0,0,0,0,1,0,0,0,0,0,1,0,0,0,2,0,126,0,0,0,0,0,0,0,0,0,0,0,0,629,0,0,0,0,9,1,0,0,0,0,39,0,0,0,0,0,0,0,0,492,0,0,0,0,0,0,0,0,438
0,0,0,0,0,0,0,70,0,0,0,0,0,0,0,0,0,0,0,0,0,0,0,2,0,0,0,0,0,0,0,0,0,0,0,25,0,0,0,0,0,0,0,0,0,0,0,0,0,0,0,0,36,0,2,0,29,3,0,0,86,0,1,0,0,0,0,0,0,0,0,5,0,0,0,0,0,0,0,0,0,0,0,0,0,0,0,26,0,0,0,0,0,0,0,0,0,0,0,0,0,0,0,0,0,0,0,0,0,0,0,0,0,0,0,309,0,41,0,0,0,0,0,0,0,0,36,3,0,3,0,0,0,0,0,0,0,0,0,0,0,0,0,0,0,0,0,0,0,0,0,0,0,0,0,0,0,0,0,0,0,0,0,16,0,0,0,0,0,0,0,18,0,23,0,0,0,73,165,0,0,0,0,0,0,0,0,0,1,0,0,0,0,184,0,0,0,0,0,21,0,0,0,0,0,0,0,0,0,0,0,0,524,1532,0,0,0,0,0,0,0,0,0,0,0,0,0,0,0,0,0,0,0,0,0,0,32,0,0,0,0,0,0,0,1,0,14,0,0,0,0,0,0,0,2,0,29,0,0,0,0,0,0,0,0,0,0,0,0,184,0,0,0,0,10,4,0,0,0,0,163,0,0,0,0,0,0,0,0,272,0,0,0,0,0,0,0,0,297
0,0,0,0,0,0,0,0,0,0,0,0,0,0,0,0,0,0,0,0,0,0,0,0,0,0,0,0,0,0,0,0,0,0,0,0,0,0,0,0,1,0,0,0,0,0,0,0,0,0,0,0,0,0,0,0,0,0,0,0,0,0,0,0,0,0,0,0,0,0,0,0,0,0,0,0,0,0,0,0,0,0,0,0,0,0,0,0,0,0,0,0,0,0,0,0,0,0,0,0,0,0,0,0,0,0,0,0,0,0,0,0,0,0,0,0,0,0,0,0,0,0,0,0,0,0,0,0,0,0,0,0,0,0,0,0,0,0,0,0,0,0,0,0,0,0,0,0,0,0,0,0,0,0,0,0,0,0,0,0,0,0,0,0,0,0,0,0,0,0,0,0,0,0,0,0,0,0,0,0,0,0,0,0,0,0,0,0,0,0,0,0,0,0,0,0,0,0,0,0,0,0,0,0,0,0,0,0,0,0,0,0,0,1,0,0,0,0,0,0,0,0,0,0,0,0,0,0,0,0,0,0,0,0,0,0,0,0,0,0,0,0,0,0,0,0,0,0,0,0,0,0,0,0,0,0,0,0,0,0,0,0,0,0,0,0,0,0,0,0,0,0,0,0,0,0,0,0,0,0,0,0,0,0,0,0,0,0,0,0,0,0,0,0,0,0,0,0,0
0,0,0,0,0,0,0,80,0,0,0,0,0,0,0,0,0,0,0,0,0,0,0,2,0,0,0,0,0,0,0,0,0,0,0,18,0,0,0,0,0,0,0,0,0,0,0,0,0,0,0,0,0,0,0,0,6,1,0,0,5,0,0,0,0,0,0,0,0,0,0,0,0,0,0,0,0,0,0,0,0,0,0,0,0,0,0,0,0,0,0,0,0,0,0,0,0,0,0,0,0,0,0,0,0,0,0,0,0,0,0,0,0,0,0,33,0,13,0,0,0,0,0,0,0,0,25,0,0,0,0,0,0,0,1,0,0,0,0,0,0,0,0,0,0,0,0,0,0,6,0,0,0,0,0,0,0,0,0,0,0,0,0,9,0,0,0,0,1,0,0,1,0,2,0,0,0,34,0,0,0,0,0,0,0,0,0,0,0,0,0,0,0,9,0,0,0,0,0,0,2,0,0,0,0,0,0,0,0,0,0,0,11,179,0,0,0,0,0,0,0,0,0,0,0,0,0,0,0,0,0,0,0,0,1,0,80,0,0,0,0,0,0,0,0,0,5,0,0,0,0,0,0,0,0,0,2,0,0,0,0,0,0,0,0,0,0,0,0,617,0,0,0,0,0,0,0,0,0,0,3,0,0,0,0,0,0,0,0,111,0,0,0,0,0,0,0,0,22
0,0,0,0,0,0,0,13,0,0,0,1,0,0,0,0,0,0,0,0,0,0,0,0,0,0,0,0,0,0,0,0,0,0,0,8,0,0,0,0,0,0,0,0,0,0,0,0,0,0,0,0,0,1,0,0,4,12,0,0,3,0,0,0,0,0,0,0,0,0,0,1,0,0,0,0,0,0,0,0,0,0,0,0,0,0,0,0,0,0,0,0,0,0,0,0,0,0,0,0,0,0,0,0,0,0,0,0,0,0,0,0,0,0,0,2,0,22,0,0,0,0,0,0,0,0,2,0,0,0,0,0,0,0,0,0,0,0,0,0,0,0,0,0,0,0,0,0,0,218,0,0,0,0,0,0,0,0,0,0,0,0,0,1,0,0,0,0,0,0,0,0,0,0,0,0,0,0,0,0,0,0,0,0,1,0,0,0,0,0,0,0,2,7,0,0,0,0,0,6,0,0,0,0,0,0,0,0,0,0,0,0,0,49,1,0,0,0,0,0,0,0,0,0,0,0,0,0,0,0,0,0,0,0,2,0,79,0,0,0,0,0,0,0,0,0,0,0,0,0,0,0,0,0,0,0,1,0,0,0,0,0,0,0,0,0,0,0,0,267,0,0,0,0,0,0,0,0,0,0,2,0,0,0,0,0,0,0,0,58,0,0,0,0,0,0,0,0,12
0,0,0,0,0,0,0,6,0,0,0,0,0,0,0,0,0,0,0,0,0,0,0,0,0,0,0,0,0,0,0,0,0,0,0,0,0,0,0,64,0,0,0,0,0,0,0,0,0,0,0,0,4,0,2,0,0,0,0,0,0,0,0,0,0,0,0,0,0,0,0,1,0,0,0,0,0,0,0,0,0,0,0,0,0,0,0,1,0,0,0,0,0,0,0,0,0,0,0,0,5,0,0,0,0,0,0,0,0,0,0,0,0,0,0,23,0,21,0,0,0,0,0,0,0,0,3,0,0,3,0,0,0,0,3,0,0,0,0,0,0,0,0,0,0,0,0,0,0,0,0,0,0,0,0,0,0,0,0,0,0,0,0,0,0,0,0,0,0,0,0,0,0,0,0,0,0,0,0,0,0,0,0,0,0,0,0,0,3,0,0,0,0,22,0,0,0,0,0,0,6,0,0,0,0,0,0,0,0,0,0,0,566,374,0,0,0,0,0,0,0,0,0,0,0,0,0,0,0,0,0,0,0,0,0,0,46,0,0,0,0,0,0,0,0,0,0,0,0,0,0,0,0,0,0,0,1,0,0,0,0,0,0,0,0,0,0,0,0,150,0,0,0,0,0,0,0,0,0,0,115,1,0,0,0,0,0,0,0,15,0,0,0,0,0,0,0,0,432
0,0,0,0,0,0,0,21,0,0,0,0,0,0,0,0,0,0,0,0,0,0,0,0,0,0,0,0,0,0,0,0,0,0,0,18,0,0,0,2,26,0,0,0,0,0,0,0,0,0,0,0,0,11,0,0,0,0,0,0,0,0,0,0,14,0,0,0,0,0,0,0,0,0,0,0,0,0,0,0,0,0,0,0,0,0,0,4,0,0,0,0,0,0,0,0,0,18,0,9,0,0,0,0,0,0,0,0,0,0,0,212,0,0,0,9,0,0,0,0,0,0,0,0,0,0,15,0,0,23,0,0,0,0,0,0,0,0,0,0,0,0,0,0,0,0,0,0,0,30,0,0,0,0,0,7,0,0,0,0,0,0,0,9,0,0,128,0,0,0,0,0,0,0,0,0,0,0,0,0,0,0,0,0,5,0,0,0,0,0,0,0,0,10,0,0,0,0,0,0,0,0,0,0,0,0,0,0,0,0,0,0,0,49,2,0,0,0,0,0,0,0,0,0,0,0,0,0,0,0,0,0,0,0,0,0,64,0,0,0,0,0,0,0,0,0,0,0,0,0,0,0,0,0,0,0,0,0,0,0,0,0,0,0,0,0,8,0,0,99,0,0,0,0,0,0,0,0,0,0,0,0,0,0,0,0,0,0,0,186,0,0,0,0,0,0,0,0,85
0,0,0,0,0,0,0,4,0,0,0,0,0,0,0,0,0,0,0,0,0,0,0,0,0,0,0,0,0,0,0,0,0,0,0,0,0,0,0,0,0,0,0,0,0,0,0,0,0,0,0,0,0,0,0,0,4,6,0,0,2,0,0,0,0,0,0,0,0,0,0,6,0,0,0,0,0,0,0,0,0,0,0,0,0,0,0,0,0,0,0,0,0,0,0,0,0,0,0,0,0,0,0,0,0,0,0,0,0,0,0,0,0,0,0,108,0,7,0,0,0,0,0,0,0,0,6,9,0,1,0,0,0,0,0,0,0,0,0,0,0,0,0,0,0,0,0,0,0,0,0,0,0,0,1,0,0,0,0,0,0,0,0,0,0,0,0,0,0,0,0,0,0,5,0,0,1,0,117,0,0,0,0,0,2,0,0,0,0,0,0,0,0,1,0,0,0,0,0,0,0,0,0,0,0,0,0,0,0,0,0,0,5,13,1,0,0,0,0,0,0,0,0,0,0,0,0,0,0,0,0,0,0,0,0,0,6,0,0,0,0,0,0,0,0,0,3,0,0,0,1,0,0,0,0,0,0,0,0,0,0,0,0,0,0,0,0,0,0,881,1,0,0,0,0,0,0,0,0,0,0,1,0,0,0,0,0,0,0,47,0,0,0,0,0,0,0,0,10
0,0,0,0,0,0,0,6,0,0,0,0,0,0,0,0,0,0,0,0,0,0,0,0,0,0,0,0,0,0,0,0,0,0,0,0,0,0,0,0,0,0,0,0,0,0,0,0,0,0,0,0,0,0,0,0,33,51,1,0,1,0,0,0,0,0,0,0,0,0,0,0,0,0,0,0,0,0,0,0,0,0,0,0,0,0,0,0,0,0,0,0,0,0,0,0,0,0,0,0,0,0,0,0,0,0,0,0,0,0,0,0,0,0,0,10,0,11,0,0,0,0,0,0,0,0,6,0,0,12,0,0,0,0,0,0,0,0,0,0,0,0,0,0,0,0,0,0,0,0,0,0,0,0,0,0,0,0,0,0,0,0,0,1,0,0,0,0,0,0,0,0,0,0,0,0,0,0,0,0,0,0,0,0,0,0,0,0,1,0,0,0,0,5,0,0,0,0,0,0,0,0,0,0,0,0,0,0,0,0,0,0,0,50,0,0,0,0,0,0,0,0,0,0,0,0,0,0,0,0,0,0,0,0,0,0,0,0,0,0,0,0,0,0,0,0,5,0,0,0,0,0,0,0,0,0,0,0,0,0,0,0,0,0,0,0,0,0,0,8312,0,0,0,0,1,0,0,0,0,0,0,0,0,0,0,0,0,0,0,3,0,0,0,0,0,0,0,0,24
0,0,0,0,0,0,0,35,0,0,0,0,0,0,0,0,0,0,0,0,0,0,0,0,0,0,0,0,0,0,0,0,0,0,0,19,0,0,0,0,0,0,0,0,0,0,0,0,0,0,0,0,0,0,0,0,24,2,0,0,6,0,0,0,0,0,0,0,0,0,0,0,0,0,0,0,0,0,0,0,0,0,1,0,0,0,0,0,0,0,0,0,0,0,0,0,0,0,0,0,0,0,0,0,0,0,0,0,0,0,0,0,0,0,0,41,0,82,0,0,0,0,0,0,0,0,36,0,0,9,0,0,0,0,0,0,0,0,0,0,0,0,0,0,0,0,0,0,0,24,0,0,0,0,0,0,0,0,0,0,0,0,0,2,0,0,0,0,0,0,0,0,0,7,0,0,0,0,0,0,0,0,0,0,0,0,0,0,2,0,0,0,0,13,0,0,0,0,0,0,1,0,0,0,0,0,0,0,0,0,0,0,73,55,18,0,0,0,0,0,0,0,0,0,0,0,0,0,0,0,0,0,0,0,0,0,36,0,0,0,0,0,0,0,0,0,1,0,0,0,2,0,0,0,0,0,0,0,0,0,0,0,0,0,0,0,2,0,2,294,0,0,0,0,0,0,0,0,0,0,5,0,0,0,0,0,0,0,0,34,0,0,0,0,0,0,0,0,174
6,0,0,0,0,0,0,100,0,0,0,0,0,0,0,0,0,0,0,0,0,0,0,0,0,0,0,0,0,2,0,0,0,0,0,19,0,2,0,0,0,0,0,0,0,0,0,0,0,1,0,0,0,5,1,0,231,68,0,0,41,0,0,0,0,0,0,0,0,0,0,6,0,0,0,0,0,0,0,0,0,0,0,0,0,0,0,28,0,0,0,0,0,0,0,0,0,0,0,0,0,0,0,0,0,0,0,0,1,0,0,174,0,1,0,276,0,153,0,0,0,0,0,0,0,0,138,13,0,32,0,0,0,0,0,0,0,0,0,0,1,0,0,0,0,0,0,0,0,155,0,0,0,0,0,1,0,0,0,0,0,0,0,4,0,0,2,7,0,0,0,0,0,6,0,0,5,39,248,0,0,0,2,0,4,0,0,0,18,5,1,0,0,23,0,0,0,0,0,0,7,0,0,0,0,0,0,0,0,0,0,0,198,462,1,0,0,0,0,0,0,0,0,0,0,0,0,0,0,0,0,0,0,0,0,0,72,0,44,0,0,0,0,0,2,0,55,0,0,0,0,0,0,0,4,12,9,0,0,0,0,0,0,0,0,0,0,0,10,1430,0,0,0,0,302,37,0,0,0,0,298,106,0,0,0,0,0,0,0,281,0,0,4,0,0,0,0,0,488
0,0,0,0,0,0,0,403,0,0,0,0,0,0,0,0,0,0,0,0,0,0,0,0,0,0,0,0,0,0,0,0,0,0,0,74,0,0,0,0,0,0,0,0,0,0,0,0,0,0,0,0,0,0,0,0,95,4,0,0,112,0,1,0,0,0,0,0,0,0,0,0,0,0,0,0,0,0,0,0,0,0,0,0,0,0,0,5,0,0,0,0,0,0,0,0,0,0,0,0,10,0,0,0,0,0,0,0,0,0,0,0,0,0,0,109,0,69,0,0,0,0,0,0,0,0,4,0,0,1,0,4,0,0,0,0,0,0,0,0,0,0,0,0,0,0,0,0,0,0,0,0,0,0,5,0,0,0,0,0,0,0,0,104,0,0,0,0,0,1,0,16,0,54,0,1,0,0,6,0,0,0,0,0,0,0,0,1,1,0,0,0,0,36,0,0,0,0,2,0,5,0,0,0,0,0,0,0,0,0,0,0,133,731,0,0,0,0,0,0,0,0,0,0,0,0,0,0,0,0,0,0,0,0,0,0,11,0,0,0,0,0,0,0,1,0,9,0,0,0,1,0,0,0,0,26,22,0,0,0,0,0,0,0,0,0,0,0,1,1682,0,0,0,0,14,1,0,0,0,0,118,1,0,0,0,0,0,0,0,521,0,0,0,0,0,0,0,0,108
21,0,0,0,0,0,0,1059,0,0,0,0,0,0,0,0,0,0,0,1,0,0,0,2,0,0,0,0,0,0,0,0,0,0,0,276,0,0,0,0,0,0,0,0,0,0,0,0,0,0,0,0,0,0,0,0,32,132,0,0,167,0,0,0,0,0,0,0,0,0,0,0,0,0,0,0,0,0,0,0,0,0,0,0,1,0,0,62,0,0,0,0,0,0,0,0,0,0,0,0,36,0,0,0,0,0,0,0,0,0,0,0,0,0,0,566,0,491,0,0,0,0,0,0,0,0,321,3,0,2,0,0,0,0,0,0,0,0,0,0,0,0,0,0,0,0,0,0,0,0,0,0,0,0,38,0,0,0,0,0,0,0,0,30,0,0,0,0,0,2,0,31,6,270,0,1,0,2,594,0,0,0,0,0,0,0,0,0,42,0,0,0,0,125,0,0,0,0,0,0,19,0,0,0,2,0,0,0,0,0,0,0,416,2037,6,0,0,0,0,0,0,0,0,0,0,0,0,0,0,0,0,0,0,0,0,0,126,0,7,0,0,0,0,0,1,0,7,0,0,0,1,0,0,0,2,53,84,0,0,0,0,0,0,0,0,0,0,0,3,3177,0,0,0,0,274,0,0,0,0,0,100,61,0,0,0,0,0,0,0,343,0,0,0,1,0,0,0,0,576
1,0,0,0,0,0,0,546,0,0,0,0,0,0,0,0,0,0,0,0,0,0,0,0,0,0,0,0,0,0,0,0,0,0,0,67,0,0,0,0,0,0,0,0,0,0,0,0,0,0,0,0,2,0,0,0,129,4,0,0,26,0,0,0,0,0,0,0,0,0,0,0,0,0,0,0,0,0,0,0,0,0,0,0,0,0,0,11,0,0,0,0,0,0,0,0,0,0,0,0,35,0,0,0,0,0,0,0,2,0,0,0,0,0,0,135,0,75,0,0,0,0,0,0,0,0,30,0,0,0,0,0,0,0,0,0,0,0,0,0,0,0,0,0,0,0,1,0,0,2,0,0,0,0,33,0,0,0,0,0,0,0,0,102,0,0,0,0,0,0,0,39,12,56,0,0,0,0,0,0,0,0,0,0,0,0,0,4,23,0,0,0,0,99,0,0,0,0,5,0,13,0,0,0,0,0,0,0,0,0,0,0,91,1456,0,0,0,0,0,0,0,0,0,0,0,0,0,0,0,0,0,0,0,0,0,0,32,0,0,0,0,0,1,0,0,0,5,0,0,0,5,0,0,0,1,0,39,0,0,0,0,0,0,0,0,0,0,0,0,303,0,0,0,0,58,3,0,0,0,0,156,0,0,0,0,0,0,0,0,515,0,0,0,0,0,0,0,0,223
1,0,0,0,0,0,0,1433,0,0,0,0,0,15,0,0,0,0,0,2,0,0,0,0,0,0,0,0,0,0,0,0,0,0,0,360,0,0,0,0,0,0,0,0,0,0,0,0,0,0,0,0,2,0,3,0,100,4,0,0,13,0,1,0,0,0,0,0,0,0,0,39,0,0,1,0,0,0,0,0,0,0,0,0,0,0,0,33,0,0,0,0,0,0,0,0,0,0,0,0,45,0,0,0,0,0,0,0,2,0,0,0,0,0,0,289,0,146,0,0,0,0,0,0,0,0,52,79,0,1,0,0,0,0,0,0,0,0,0,0,0,0,0,0,0,0,0,0,0,0,0,0,0,0,14,0,0,0,0,0,0,0,0,357,0,0,0,0,0,0,0,14,0,43,0,0,0,0,3,0,0,0,0,0,0,0,0,0,20,0,0,0,0,141,0,0,0,0,0,2,10,0,0,0,0,0,0,0,0,0,0,0,291,2568,1,0,0,0,0,0,0,0,0,0,0,0,0,0,0,0,0,0,0,0,0,0,53,0,4,2,0,0,0,0,0,0,46,0,0,0,31,0,0,0,2,56,138,0,0,0,0,0,0,0,0,0,0,0,17,2949,0,0,0,0,75,2,0,0,0,0,111,8,0,0,0,0,0,0,0,1439,0,0,0,0,0,0,0,0,1418
0,0,0,0,0,0,0,1314,0,0,0,0,0,3,0,0,0,0,0,1,0,0,0,0,0,0,0,0,0,0,0,0,0,0,0,205,0,0,0,0,0,0,0,0,0,0,0,0,0,0,0,0,0,0,20,0,30,1,0,0,45,0,2,0,0,0,0,0,0,0,0,0,0,0,0,0,0,0,0,0,0,0,0,0,0,0,0,10,0,0,0,0,0,0,0,0,0,0,0,0,72,0,0,0,0,0,0,0,0,0,0,0,0,0,0,610,0,5,0,0,0,0,0,0,0,0,10,0,0,0,0,0,0,0,0,0,0,0,0,0,0,0,0,0,0,0,0,0,0,0,0,0,0,0,16,0,0,0,0,0,0,0,0,290,0,0,0,0,0,0,0,20,0,42,0,0,0,0,163,0,0,0,0,0,0,0,0,0,4,0,0,0,0,109,0,0,0,0,5,0,2,0,0,0,0,0,0,0,0,0,0,0,438,2695,1,0,0,0,0,0,0,0,0,0,0,0,0,0,0,0,0,0,0,0,0,0,23,0,0,0,0,0,0,0,1,0,47,0,0,0,12,0,0,0,0,52,77,0,0,0,0,0,0,0,0,0,0,0,0,1651,0,0,0,0,33,1,0,0,0,0,87,4,0,0,0,0,0,0,0,1166,0,0,0,0,0,0,0,0,387
0,0,0,0,0,0,0,881,0,0,0,0,0,0,0,0,0,0,0,0,0,0,0,0,0,0,0,0,0,0,0,0,0,0,0,47,0,0,0,0,0,0,0,0,0,0,0,0,0,0,0,0,0,0,0,0,36,3,0,0,11,0,3,0,0,0,0,1,0,0,0,4,0,0,4,0,0,0,0,0,0,0,0,0,0,0,0,22,0,0,0,0,0,0,0,0,0,0,0,0,8,0,0,0,0,0,0,0,6,0,0,0,0,0,0,945,0,29,0,0,0,0,0,0,0,0,0,1,0,1,0,0,0,0,0,0,0,0,0,0,0,0,0,0,0,0,0,0,0,0,0,0,0,0,54,0,0,0,0,0,0,0,0,118,0,0,0,0,0,0,0,6,0,54,0,0,0,3,10,0,0,0,0,0,0,0,0,0,4,0,0,0,0,195,0,0,0,0,0,0,21,0,0,0,0,0,0,0,0,0,0,0,315,1465,0,0,0,0,0,0,0,0,0,0,0,0,0,0,0,0,0,0,0,0,0,0,11,0,0,0,0,0,0,0,0,0,1,0,0,0,0,0,0,0,0,118,34,0,0,0,0,0,0,0,0,0,0,0,0,628,0,0,0,0,69,0,0,0,0,0,58,0,0,0,0,0,0,0,0,312,0,0,0,0,0,0,0,0,332
0,0,0,15,0,1,0,204,0,0,0,0,0,0,0,0,0,0,0,0,0,0,0,20,0,0,0,0,0,0,0,0,0,0,0,609,0,0,0,0,0,0,0,0,0,0,0,0,0,0,0,0,10,3,0,0,11,0,0,0,41,0,0,0,0,0,0,0,0,0,0,0,0,0,0,0,1,0,0,0,0,0,0,0,0,0,0,269,0,0,0,12,0,0,0,0,0,0,0,0,13,0,0,0,0,0,0,0,0,0,0,5,0,0,0,506,0,324,0,0,0,0,0,0,0,1,795,1,0,0,0,0,0,0,0,0,0,0,0,0,0,0,0,0,0,0,0,0,0,3686,0,0,0,0,0,1,0,0,0,0,0,0,0,6,0,0,3,5,0,0,0,47,0,0,0,0,0,45,0,0,0,0,0,0,2,0,0,0,0,0,0,0,0,53,0,0,0,0,4,0,7,0,1,0,0,0,0,0,0,0,0,0,308,3590,3,0,0,0,0,0,0,0,9,0,0,0,0,0,0,0,0,0,0,0,0,0,669,0,0,0,0,0,0,0,0,0,9,0,0,0,0,0,0,0,11,0,3,88,0,0,0,0,0,0,0,0,31,0,0,6244,2,0,0,0,0,18,0,0,0,0,93,0,0,0,0,0,0,0,0,2985,0,0,0,0,0,0,0,0,349
0,0,0,0,0,0,0,3,0,0,0,0,0,0,0,0,0,0,0,0,0,0,0,0,0,0,0,0,0,0,0,0,0,0,0,0,0,0,0,0,0,0,0,0,0,0,0,0,0,0,0,0,0,3,0,0,3,0,0,0,0,0,0,0,0,0,0,0,0,0,0,0,0,0,0,0,0,0,0,0,0,0,0,0,0,0,0,13,0,0,0,0,0,0,0,0,0,0,0,0,5,0,0,0,0,0,0,0,0,0,0,0,0,0,0,32,0,0,0,0,0,0,0,0,0,0,0,0,0,0,0,0,0,0,0,0,0,0,0,0,0,0,0,0,0,0,0,0,0,165,0,0,0,0,0,0,0,0,0,0,0,0,0,0,0,0,0,0,0,0,0,1,0,0,0,0,0,2,0,0,0,0,0,0,0,0,0,0,0,0,0,0,0,8,0,0,0,0,0,0,0,0,0,0,0,0,0,0,0,0,0,0,102,324,2,0,0,0,0,0,0,0,0,0,0,0,0,0,0,0,0,0,0,0,0,0,3,0,0,0,0,0,0,0,0,0,6,0,0,0,0,0,0,0,5,0,0,0,0,0,0,0,0,0,0,0,5,2,0,8,0,0,0,0,0,0,0,0,0,0,13,0,0,0,0,0,0,0,0,46,0,0,0,0,0,0,0,0,3
0,0,0,0,0,0,0,97,0,0,0,0,0,0,0,0,0,0,0,0,0,0,0,0,0,0,0,0,0,0,0,0,0,0,0,8,0,0,0,0,0,0,0,0,0,0,0,0,0,0,0,1,0,0,0,0,64,45,0,0,0,0,1,0,0,0,0,0,0,0,0,1,0,0,0,0,0,0,0,0,0,0,0,0,0,0,0,0,0,0,0,0,0,0,0,0,0,0,0,0,0,0,0,0,0,0,1,0,0,0,0,0,0,0,0,12,2,11,0,0,0,0,0,0,0,0,23,0,0,0,0,0,0,0,3,0,0,0,0,0,0,0,0,0,0,0,0,0,0,2,0,0,0,0,0,0,0,0,0,0,0,0,0,15,0,0,0,0,0,0,0,0,0,0,0,0,0,0,0,0,0,0,0,0,0,1,0,0,2,0,0,0,0,0,0,0,0,0,0,0,0,0,0,0,0,0,0,0,0,0,0,0,0,507,0,0,0,0,0,0,0,0,0,0,0,0,0,0,0,0,0,0,0,0,0,0,11,0,0,0,0,0,0,0,0,0,10,0,0,0,0,0,0,0,0,0,8,0,0,0,0,0,1,0,0,0,0,0,0,409,0,0,0,0,0,0,0,0,0,0,0,0,0,0,0,0,0,0,0,80,0,0,0,0,0,0,0,0,54
0,0,0,0,0,0,0,34,0,0,0,0,0,0,0,0,0,0,0,0,0,0,0,0,0,0,0,0,0,0,0,0,0,0,0,0,0,0,0,0,0,0,0,0,0,0,0,0,0,0,0,0,0,0,0,0,0,4,0,0,0,0,0,0,0,0,0,0,0,0,0,1,0,0,0,0,0,0,0,0,0,0,0,0,0,0,0,0,0,0,0,0,0,0,0,0,0,0,0,0,0,0,0,0,0,0,0,0,0,0,0,0,0,0,0,0,0,0,0,0,0,0,0,0,0,0,0,0,0,0,0,0,0,0,0,0,0,0,0,0,0,0,0,0,0,0,0,0,0,2,0,0,0,0,0,0,0,0,0,0,0,0,0,0,0,0,0,0,0,0,0,0,0,0,0,0,0,0,0,0,0,0,0,0,0,0,0,0,6,0,0,0,0,0,0,0,0,0,0,0,0,0,0,0,0,0,0,0,0,0,0,0,1,3,6,0,0,0,0,0,0,0,0,0,0,0,0,0,0,0,0,0,0,0,0,0,19,0,0,0,0,0,0,0,0,0,3,0,0,0,0,0,0,0,0,0,0,0,0,0,0,0,0,0,0,0,0,0,0,553,0,0,0,0,2,0,0,0,0,0,0,0,0,0,0,0,0,0,0,24,0,0,0,0,0,0,0,0,0
0,0,0,0,0,0,0,1057,0,0,0,0,0,0,0,0,0,0,0,0,0,0,0,8,0,0,0,0,0,0,0,0,0,0,0,176,0,0,0,0,0,0,0,0,0,0,0,0,0,0,0,0,0,0,0,0,175,38,0,0,470,0,3,0,0,0,0,0,0,0,0,0,0,0,0,0,0,0,0,0,0,0,0,0,0,0,0,29,0,0,0,0,0,1,0,0,0,0,0,0,16,0,0,0,0,0,0,0,0,0,0,0,0,0,0,405,0,99,0,0,0,0,0,0,0,0,24,0,0,0,0,0,0,0,0,0,0,0,0,0,0,0,0,0,0,0,0,0,0,95,0,0,0,0,18,0,0,0,0,0,0,0,0,187,0,0,0,0,0,0,0,6,0,52,0,0,0,35,315,0,0,0,0,0,0,0,0,0,19,1,0,0,0,35,0,0,0,0,0,0,7,0,0,0,18,0,0,0,0,0,0,0,385,1658,0,0,0,0,0,0,0,0,0,0,0,0,0,0,0,0,0,0,0,0,0,0,28,0,2,0,0,0,0,0,3,0,378,0,0,0,0,0,0,0,3,67,110,0,0,0,0,0,0,0,0,0,0,0,10,968,0,0,0,0,94,16,0,0,0,0,123,0,0,0,0,0,0,0,0,859,0,0,0,0,0,0,0,0,342
0,0,0,0,0,0,0,386,0,0,0,0,0,2,0,0,0,0,0,1,0,0,0,11,0,0,0,0,0,0,0,0,0,0,0,90,0,0,0,0,0,0,0,0,0,0,0,0,0,0,0,0,0,0,3,0,68,76,3,0,77,0,0,0,0,0,0,0,0,0,0,6,0,0,0,0,0,0,0,0,0,0,0,0,0,0,0,9,0,0,0,0,0,0,0,0,0,0,0,0,10,0,0,0,0,0,0,0,3,0,0,0,0,0,0,175,0,62,0,0,0,0,0,0,0,0,23,5,0,16,0,0,0,0,0,0,0,0,0,0,0,0,0,0,0,0,0,0,0,9,0,0,0,0,65,0,0,0,0,0,0,0,0,66,0,0,0,0,0,0,0,13,24,56,0,10,0,1,35,0,0,0,0,0,0,0,0,2,1,5,0,0,0,23,0,0,0,0,0,1,11,0,0,0,0,0,0,0,0,0,0,0,139,1489,0,0,0,0,0,0,0,0,0,0,0,0,0,0,0,0,0,0,0,0,0,0,18,0,38,0,0,0,0,0,2,0,29,0,0,0,8,0,0,0,0,1,27,2,0,0,0,0,0,0,0,0,0,0,16,593,0,0,0,0,287,1,0,0,0,0,153,2027,0,0,0,0,0,0,0,339,0,0,0,0,0,0,0,0,660
0,0,0,0,0,0,0,65,0,0,0,0,0,0,0,0,0,0,0,0,0,0,0,0,0,0,0,0,0,0,0,0,0,0,0,11,0,0,0,0,0,0,0,0,0,0,0,0,0,0,0,0,0,0,0,0,34,15,0,0,22,0,1,0,0,0,0,0,0,0,0,0,0,0,0,0,0,0,0,0,0,0,0,0,0,0,0,0,0,0,0,0,0,0,0,0,0,0,0,0,0,0,0,0,0,0,0,0,0,0,0,0,0,0,0,21,0,3,0,0,0,0,0,0,0,0,10,0,0,2,0,0,0,0,3,0,0,0,0,0,0,0,0,0,0,0,0,0,0,0,0,0,0,0,8,0,0,0,0,0,0,0,0,20,0,0,0,0,0,0,0,0,0,1,0,0,0,0,1,0,0,0,0,0,0,0,0,0,13,0,0,0,0,7,0,0,0,0,0,0,1,0,0,0,0,0,0,0,0,0,0,0,24,625,0,0,0,0,0,0,0,0,0,0,0,0,0,0,0,0,0,0,0,0,0,0,3,0,5,0,0,0,0,0,2,0,7,0,0,0,1,0,0,0,0,3,16,3,0,0,0,0,0,0,0,0,0,0,11,32,0,0,0,0,82,0,0,0,0,0,15,746,0,0,0,0,0,0,0,58,0,0,0,0,0,0,0,1,232
0,0,0,0,0,0,0,123,0,0,0,0,0,2,0,0,0,0,0,0,0,0,0,1,0,0,0,0,0,0,0,0,0,0,0,18,0,0,0,0,0,0,0,0,0,0,0,0,0,0,0,0,0,0,1,0,14,6,0,0,5,0,0,0,0,0,0,0,0,0,0,0,0,0,0,0,0,0,0,0,0,0,0,0,0,0,0,0,0,0,0,0,0,0,0,0,0,0,0,0,1,0,0,0,0,0,0,0,0,0,0,0,0,0,0,17,0,24,0,0,0,0,0,0,0,0,17,0,0,0,0,0,0,0,0,0,0,0,0,0,0,0,0,0,0,0,0,0,0,0,0,0,0,0,2,0,0,0,0,0,0,0,0,5,0,0,0,0,0,0,0,3,0,12,0,0,0,1,2,1,0,0,0,0,0,0,0,0,10,0,0,0,0,8,0,0,0,0,0,0,0,0,0,0,0,0,0,0,0,0,0,0,22,332,2,0,0,0,0,0,0,0,0,0,0,0,0,0,0,0,0,0,0,0,0,0,10,0,26,0,0,0,0,0,0,0,2,0,0,0,0,0,0,0,0,15,5,1,0,0,0,0,0,0,0,0,0,0,7,154,0,0,0,0,34,0,0,0,0,0,6,1452,0,0,0,0,0,0,0,28,0,0,0,0,0,0,0,0,84
0,0,0,0,0,0,0,197,0,0,0,0,0,0,0,0,0,0,0,0,0,0,0,0,0,0,0,0,0,0,0,0,0,0,0,0,0,0,0,0,0,0,0,0,0,0,0,0,0,0,0,0,0,0,0,0,68,144,0,0,50,0,0,0,0,0,0,0,0,0,0,28,0,0,0,0,0,0,0,0,0,0,0,0,0,0,0,0,0,0,0,0,0,0,0,0,0,0,0,0,9,0,0,0,0,0,0,0,0,0,0,0,0,0,0,187,0,58,0,0,0,0,0,0,0,0,43,6,0,0,0,0,0,0,0,1,0,0,0,3,0,0,0,0,0,0,2,0,0,2,0,0,0,0,24,0,0,0,0,0,0,4,0,6,0,0,0,0,0,0,0,0,0,12,0,0,0,0,0,0,0,0,0,0,2,0,0,0,0,0,0,0,0,1,0,0,0,0,0,0,17,0,0,0,0,0,0,0,0,0,0,0,250,885,2,0,0,0,0,0,0,0,0,0,0,0,0,0,0,0,0,0,0,0,0,0,29,0,0,0,0,0,0,0,0,0,35,0,0,0,0,0,0,0,3,0,34,0,0,0,0,0,0,0,0,0,0,0,19,207,0,0,0,0,68,0,0,0,0,0,0,0,0,0,0,0,0,0,0,313,0,0,0,0,0,0,0,0,263
0,0,0,0,0,1,0,0,0,0,0,0,0,0,0,0,0,0,0,0,0,0,0,0,0,0,0,0,0,0,0,0,0,0,0,1,0,0,0,0,0,0,0,0,0,0,0,0,0,0,0,0,0,0,0,0,0,0,0,0,6,0,0,0,0,0,0,0,0,0,0,0,0,0,0,0,0,0,0,0,0,0,23,2,0,0,0,0,0,0,0,0,0,0,0,0,0,0,0,0,0,0,0,0,0,0,0,0,0,0,0,0,0,0,0,0,0,0,0,0,0,0,0,0,0,0,0,0,0,0,0,0,0,0,0,0,0,0,0,0,0,0,0,0,0,0,0,0,0,0,0,0,0,0,0,0,0,0,0,0,0,0,0,0,0,0,0,0,0,0,0,0,0,0,0,0,0,0,0,0,0,0,0,0,0,0,0,0,0,0,0,0,14,0,0,0,0,0,0,2,0,0,0,0,0,0,0,0,0,0,0,0,0,0,7,0,0,0,0,4,0,0,0,0,0,0,0,0,0,0,0,0,0,0,0,0,0,0,0,0,0,0,0,0,0,0,0,0,0,0,0,0,0,0,0,0,0,0,0,0,0,0,8,0,0,0,0,0,0,0,0,0,0,0,0,0,0,0,0,0,0,0,0,0,0,0,0,0,0,0,0,0,0,0,0,0,0,0,24
0,0,0,0,0,0,0,25,0,0,0,0,0,2,0,0,0,0,0,0,0,0,0,0,0,0,0,0,0,0,0,0,0,0,0,4,0,0,0,0,0,0,0,0,0,0,0,0,0,2,0,0,0,0,0,0,16,7,0,0,2,0,0,0,0,0,0,0,0,0,0,5,0,0,0,0,0,0,0,0,0,0,0,0,0,0,0,0,0,0,0,0,0,0,0,0,0,0,0,0,0,0,0,0,0,0,0,0,0,0,0,0,0,0,0,45,0,25,0,0,0,0,0,0,0,0,19,2,0,1,0,0,0,0,0,0,0,0,0,0,0,0,0,0,0,0,0,0,0,0,0,0,0,0,0,0,0,0,0,0,0,0,1,0,0,0,0,0,0,0,0,0,0,6,0,0,0,1,108,0,0,0,0,0,2,0,0,0,0,0,0,0,0,11,0,0,0,0,0,0,1,0,0,0,0,0,0,0,0,0,0,0,110,212,4,0,0,0,0,0,0,0,1,0,0,0,0,0,0,0,0,0,0,0,0,0,9,0,0,0,0,0,0,0,0,0,2,0,0,0,0,0,0,0,0,0,0,0,0,0,0,0,0,0,0,0,0,0,0,172,0,0,0,0,9,1,0,1,0,0,0,0,0,0,0,0,0,0,0,27,0,0,0,0,0,0,0,0,42
732,0,0,0,0,0,0,0,0,0,0,0,0,0,0,0,0,0,0,0,0,0,0,0,0,0,0,0,0,0,0,0,0,0,0,0,0,0,0,0,0,0,0,0,0,0,0,0,0,0,0,0,0,7,0,0,167,4136,0,0,80,2,0,0,0,0,0,0,0,0,0,4,0,0,0,0,0,0,0,0,0,0,0,0,0,0,0,18,0,0,0,0,0,160,0,0,0,0,0,0,4,0,0,0,0,0,0,0,3,0,0,0,0,0,0,285,0,5,0,0,0,0,0,0,0,0,527,0,0,0,0,0,0,0,0,0,0,0,0,0,0,0,0,0,0,19,36,0,0,0,0,0,0,0,515,0,0,0,0,0,0,0,0,0,0,0,0,0,0,0,0,2,0,6,0,0,0,0,250,0,0,0,0,0,0,0,0,0,66,0,0,0,0,35,0,0,0,0,0,4,88,0,0,0,5,0,0,0,0,0,0,0,97,5183,0,0,0,0,0,0,0,0,0,0,0,0,0,0,0,0,0,0,0,0,0,0,0,0,0,0,0,0,0,0,8,0,94,0,0,0,0,0,0,0,0,220,2,0,0,0,0,0,0,0,0,0,0,0,0,17402,0,7,0,0,0,18,0,0,0,0,18,0,0,0,0,0,0,0,0,7682,0,0,0,0,0,0,0,3,730
0,0,0,0,0,0,0,17,0,0,0,0,0,0,0,0,0,0,0,0,0,0,0,0,0,0,0,0,0,0,0,0,0,0,0,2,0,0,0,0,0,0,0,0,0,0,0,0,0,0,0,0,0,0,4,0,3,8,0,0,0,0,0,0,0,0,0,2,0,0,0,0,0,0,0,0,0,0,0,0,0,0,0,0,0,0,0,1,0,0,0,0,0,0,0,0,0,0,0,0,1,0,0,0,0,0,0,0,2,0,0,0,0,0,0,139,0,25,0,0,0,0,0,0,0,0,6,0,0,0,0,0,0,0,0,0,0,0,0,0,0,0,0,0,0,0,0,0,0,0,0,0,0,0,6,0,0,0,0,0,0,0,0,7,0,0,0,0,0,0,0,2,0,2,0,0,0,2,75,0,0,0,0,0,0,0,0,0,0,0,0,0,0,8,0,0,0,0,0,0,0,0,0,0,0,0,0,0,0,0,0,0,55,148,0,0,0,0,0,0,0,0,4,0,0,0,0,0,0,0,0,0,0,0,0,0,4,0,0,0,0,0,0,0,2,0,14,0,0,0,0,0,0,0,0,45,3,0,0,0,0,0,0,0,0,0,0,0,2,27,0,0,0,0,6,0,0,0,0,0,0,0,0,0,0,0,0,0,0,56,0,0,0,0,0,0,0,0,61
0,0,0,0,0,0,0,39,0,0,0,0,0,0,0,0,0,0,0,0,0,0,1,1,0,0,0,0,0,0,0,0,0,0,0,3,0,0,0,0,1,0,0,0,0,0,0,0,0,0,0,2,0,0,0,0,8,2,0,0,3,0,0,0,0,0,0,0,0,0,0,0,0,0,0,0,0,0,0,0,0,0,0,0,0,0,0,22,0,0,0,0,0,0,0,0,0,0,0,0,4,0,0,0,0,0,0,0,0,0,0,0,0,0,0,80,0,84,0,0,0,0,0,0,0,0,18,4,0,0,0,0,0,0,0,0,0,0,0,0,0,0,0,0,0,0,0,0,0,2235,0,0,0,0,1,0,0,0,0,0,0,0,0,3,0,0,0,0,0,0,0,1,0,2,0,0,0,0,0,0,0,0,0,0,0,0,0,1,0,0,0,0,0,38,0,0,0,0,0,1,3,0,0,0,0,0,0,0,0,0,0,0,54,178,2,0,0,0,0,0,0,0,0,0,0,0,0,0,0,0,0,0,0,0,0,0,26,0,0,0,0,0,0,0,0,0,6,0,0,0,1,0,0,0,3,78,10,0,0,0,0,0,0,0,0,0,0,0,0,516,0,0,0,0,7,0,0,0,0,0,7,0,0,0,0,0,0,0,0,227,0,0,0,0,0,0,0,0,46
0,0,0,0,0,0,0,86,0,0,0,0,0,0,0,0,0,0,0,0,0,0,0,0,0,0,0,0,0,0,0,0,0,0,0,4,0,0,0,0,0,0,0,0,0,0,0,0,0,0,0,0,0,0,0,0,2,0,0,0,1,0,0,0,0,0,0,0,0,0,0,0,0,0,0,0,0,0,0,0,0,0,0,0,1,0,0,0,0,0,0,0,0,0,0,0,0,0,0,0,0,0,0,0,0,0,0,0,0,0,0,0,0,0,0,50,0,2,0,0,0,0,0,0,0,0,0,0,0,1,0,0,0,0,0,1,0,0,0,0,0,0,0,0,0,0,0,0,0,10,0,0,0,0,0,0,0,0,0,0,0,0,0,0,0,0,0,0,0,0,0,0,0,6,0,0,0,0,0,0,0,0,0,0,2,0,0,0,0,0,0,0,0,18,0,0,0,0,0,0,0,0,0,0,0,0,0,0,0,0,0,0,10,56,4,0,0,0,0,0,0,0,0,0,0,0,0,0,0,0,0,0,0,0,0,0,5,0,0,0,0,0,0,0,0,0,5,0,0,0,0,0,0,0,0,25,2,0,0,0,0,0,0,0,0,0,0,0,0,62,0,0,0,0,10,0,0,0,0,0,0,0,0,0,0,0,0,0,0,33,0,0,0,0,0,0,0,0,6
0,0,0,0,0,0,0,104,0,0,0,0,0,0,0,0,0,0,0,0,0,0,0,0,0,0,0,0,0,0,0,0,0,0,0,39,0,0,0,0,0,1,0,0,0,0,0,0,0,0,0,0,0,0,0,0,5,3,0,0,6,0,1,0,0,0,0,0,0,0,0,0,0,0,3,0,0,0,0,0,0,0,1,0,0,0,0,2,0,0,0,0,0,0,0,0,0,0,0,0,0,0,0,0,0,0,0,0,2,0,0,0,0,0,0,36,0,21,0,0,0,0,0,0,0,0,16,0,0,1,0,0,0,0,2,0,0,0,0,0,0,0,0,0,0,0,0,0,0,23,0,0,0,0,10,0,0,0,0,0,0,0,0,75,0,0,0,0,0,0,0,0,0,26,0,0,0,0,0,0,0,0,0,0,0,0,0,0,47,0,0,0,0,26,0,0,0,0,2,0,0,0,0,0,0,0,0,0,0,0,0,0,48,699,1,0,0,0,0,0,0,0,0,0,0,0,0,0,0,0,0,0,0,0,0,0,4,0,0,0,0,0,0,0,0,0,1,0,0,0,0,0,0,0,0,13,12,0,0,0,0,0,0,0,0,0,0,0,0,220,2,0,0,0,5,0,0,0,0,0,4,0,0,0,0,0,0,0,0,270,0,0,0,0,0,0,0,0,157
0,0,0,0,0,0,0,899,0,0,0,0,0,0,0,0,0,0,0,0,0,0,0,0,1,0,0,0,0,0,0,0,0,0,0,109,0,0,0,0,0,0,0,0,0,0,0,0,0,0,0,0,0,0,2,0,45,14,0,0,52,0,1,0,0,0,0,0,0,0,0,3,0,0,0,0,0,0,0,0,0,0,0,0,0,0,0,1,0,0,0,0,0,0,0,0,0,0,0,0,5,0,0,0,0,0,0,0,0,0,0,0,0,0,0,60,0,125,0,0,0,0,0,0,0,0,55,2,0,0,0,0,0,0,0,0,0,0,0,0,0,0,0,0,0,0,0,0,0,17,0,0,0,0,3,0,0,0,1,2,0,0,0,218,0,1,0,0,0,1,0,15,0,88,0,0,0,0,1,0,0,0,0,0,0,0,0,0,45,0,0,0,0,7,0,0,0,0,0,1,2,0,0,0,0,0,0,0,0,0,0,0,152,2132,0,0,0,0,0,0,0,0,0,0,0,0,0,0,0,0,0,0,0,0,1,0,13,0,13,0,0,0,0,0,2,0,7,0,0,0,6,0,0,0,0,11,134,0,0,0,0,0,0,0,0,0,1,0,3,644,0,0,0,0,138,0,0,0,0,0,50,81,0,0,0,0,0,0,0,660,0,0,0,0,0,0,0,0,731
0,0,0,0,0,0,0,205,0,0,0,0,0,0,0,0,0,0,0,0,0,0,0,0,0,0,0,0,17,0,0,0,0,0,0,19,0,0,0,0,0,0,0,0,0,0,0,0,0,0,0,0,2,0,1,0,122,36,0,0,184,0,2,0,0,0,0,0,0,0,0,1,0,0,0,0,0,0,0,0,0,0,0,0,0,0,0,1,0,0,0,0,0,0,0,0,0,0,0,0,0,0,0,0,0,0,0,0,0,0,0,0,0,0,0,343,2,87,0,0,0,0,0,0,0,0,37,2,0,0,0,0,0,0,0,0,0,0,0,0,0,0,0,0,0,0,1,0,0,0,0,0,0,0,8,0,0,0,0,3,0,0,0,67,0,0,0,0,0,0,0,0,0,42,0,0,0,0,99,0,0,0,0,0,0,0,0,0,106,0,0,0,0,29,0,0,0,0,0,1,14,0,0,0,0,0,0,0,0,0,0,0,208,840,0,0,0,0,0,0,0,0,0,0,0,0,0,0,0,0,0,0,0,0,0,0,11,0,16,0,0,0,0,0,0,0,25,0,0,0,3,0,0,0,0,28,52,0,0,0,0,0,0,0,0,0,0,0,9,639,0,0,0,0,44,0,0,0,0,0,90,498,0,0,0,0,0,0,0,154,0,0,0,4,0,0,0,0,441
0,0,0,0,0,0,0,253,0,0,0,0,0,6,0,0,0,0,0,0,0,0,0,0,3,0,0,0,0,0,0,0,0,1,0,75,0,0,0,1,0,0,0,0,0,0,0,0,0,0,0,0,1,0,0,0,139,7,0,0,209,0,0,0,0,0,0,0,0,0,0,1,0,0,2,0,0,0,0,0,0,0,0,0,0,0,0,32,0,0,0,0,0,0,0,0,0,0,0,0,10,0,0,0,0,0,0,0,9,0,0,0,3,0,0,238,0,104,0,0,0,0,0,0,0,0,33,3,0,2,0,0,0,0,0,0,0,0,0,0,0,0,0,0,0,0,0,0,0,60,0,0,0,0,13,0,0,0,0,6,0,0,0,141,0,0,0,0,0,0,0,39,0,41,0,37,0,0,5,0,0,0,0,0,0,0,2,0,55,0,0,0,0,56,0,0,0,0,0,0,27,0,0,0,0,0,0,0,0,0,0,0,217,1532,0,0,0,0,0,0,0,4,0,0,0,0,0,0,0,0,0,0,0,0,0,0,2,0,43,0,0,0,0,0,0,0,14,0,0,0,0,0,0,0,0,278,44,0,0,0,0,0,0,0,1,0,1,0,19,1933,0,0,0,0,69,1,0,0,0,0,568,64,0,0,0,0,0,0,0,418,0,0,0,7,0,0,0,0,1112
9,0,0,0,0,0,0,273,0,0,0,0,0,0,0,0,0,0,0,0,0,0,0,9,0,0,0,0,0,0,0,0,0,0,0,20,0,0,0,0,0,0,0,0,0,0,0,0,0,0,0,0,88,1,0,0,250,20,0,0,312,0,0,0,0,0,0,5,0,0,0,4,0,0,0,0,0,0,0,0,0,0,0,0,0,0,0,102,0,0,0,0,0,0,0,0,0,0,0,0,16,0,0,0,0,0,0,0,0,0,0,16,0,0,0,565,0,269,0,0,0,0,0,0,0,0,121,34,0,0,0,0,0,0,0,0,0,0,0,0,0,0,0,0,0,0,0,0,0,5,0,0,0,0,27,0,1,0,0,0,0,0,0,1,0,0,0,0,0,0,0,29,13,11,0,0,0,3,98,0,0,0,0,0,5,0,0,14,0,0,0,0,0,201,0,0,0,0,0,30,98,0,0,0,0,0,0,0,0,0,0,0,478,1202,4,0,0,0,0,0,0,0,0,0,0,0,0,0,0,0,0,0,0,0,0,0,185,0,0,0,0,0,0,0,4,0,110,0,0,0,4,0,0,0,0,0,22,0,0,0,0,0,0,0,0,0,4,0,2,5590,0,0,0,0,55,5,0,8,0,0,126,0,0,0,0,0,0,0,0,532,0,0,0,0,0,0,0,0,472
0,10,0,0,33,0,0,32,0,0,0,0,0,0,0,0,0,0,0,0,0,0,0,19,0,0,0,0,0,7,0,0,9,0,0,0,0,0,0,2,5,0,0,3,0,0,62,0,8,0,0,0,0,20,21,0,65,86,0,0,5,0,0,0,0,0,0,28,0,0,0,165,0,0,0,0,0,0,39,0,0,0,0,0,0,0,0,5,7,0,0,0,0,0,0,0,0,0,0,3,1,0,0,0,0,0,0,0,0,0,0,659,0,13,0,286,0,29,0,3,0,0,0,0,0,0,112,15,0,0,0,0,0,0,0,0,0,5,15,28,0,0,7,13,0,0,0,0,0,255,0,0,0,0,72,15,0,0,0,0,0,0,0,0,0,0,34,4,0,0,0,0,0,0,0,0,0,0,165,10,0,29,0,0,24,0,0,0,0,0,10,0,0,7,0,0,11,2,0,0,10,0,0,0,0,0,0,0,0,0,9,0,168,635,219,0,0,0,17,0,0,0,0,0,0,13,0,0,0,0,0,0,51,0,0,0,14,0,0,0,0,0,0,0,0,0,77,0,0,0,0,0,0,0,0,0,33,0,0,0,0,1,5,0,0,0,29,2,0,207,0,0,0,0,15,54,0,0,0,0,17,0,0,0,0,3,0,0,0,28,0,0,0,0,0,0,0,0,738
0,0,0,0,0,0,0,1272,0,0,0,0,0,0,0,0,0,0,0,4,0,0,1,10,0,0,0,0,0,0,0,0,0,0,0,268,0,0,0,0,0,1,0,0,0,0,0,0,0,1,0,0,0,0,17,0,90,4,0,0,344,0,4,0,0,0,0,0,0,0,0,3,0,0,7,0,0,0,0,0,0,0,0,0,0,0,0,129,0,0,0,0,0,0,0,0,0,0,0,1,21,0,0,0,0,0,0,0,126,0,0,12,0,1,0,898,0,118,0,0,0,0,0,0,0,0,92,10,0,0,0,0,0,0,1,0,0,0,0,0,0,0,0,0,0,0,0,0,0,3,0,0,0,0,133,0,0,0,0,0,0,0,0,113,0,0,0,0,0,6,0,49,0,66,0,0,2,0,39,0,0,0,0,0,0,0,0,0,71,0,0,0,0,64,0,0,0,0,0,0,31,0,0,0,0,0,0,0,0,0,0,0,353,4758,2,0,0,0,0,0,0,0,0,0,0,0,0,0,0,0,0,0,0,2,0,0,213,0,67,0,0,0,0,0,0,0,63,0,0,0,21,2,0,0,0,1,229,0,0,0,0,0,0,0,0,0,3,0,0,1790,0,0,0,0,174,75,0,0,0,0,633,3,0,0,0,0,0,0,0,1136,0,0,0,0,0,0,0,0,1074
7,0,0,0,9,0,0,162,0,0,0,0,0,0,0,0,0,0,0,0,0,0,0,0,0,0,0,0,0,0,0,0,0,0,0,7,0,0,0,0,0,0,0,0,1,0,0,0,0,0,0,0,0,1,35,5,74,63,0,0,39,0,0,0,0,0,0,3,0,0,0,0,0,0,0,0,0,0,1,0,0,0,0,0,0,0,0,12,0,0,0,0,0,0,0,0,0,0,0,0,26,0,0,0,0,0,0,0,0,0,0,135,0,0,0,627,0,278,0,0,0,0,0,0,0,0,56,18,0,0,0,0,0,0,0,0,0,0,0,0,0,0,0,0,0,0,5,0,0,9,0,0,3,0,68,4,0,0,0,0,0,0,0,6,0,0,9,0,0,0,0,5,0,30,0,0,0,5,180,0,0,0,0,0,11,0,0,0,184,0,1,0,0,76,0,3,0,0,4,0,90,0,0,0,0,0,4,0,0,0,0,0,156,910,21,0,0,5,0,0,0,0,0,0,0,0,0,0,0,0,0,0,1,0,0,0,22,0,104,0,0,0,0,0,0,0,79,0,0,0,0,0,0,0,0,0,38,0,0,0,0,0,1,0,0,0,5,0,0,620,0,0,0,0,220,0,0,0,0,0,89,0,0,0,7,0,0,0,0,452,0,0,0,0,0,0,0,1,374
0,0,0,0,24,0,0,119,0,0,0,0,0,0,0,0,0,0,0,0,0,0,24,0,0,0,0,0,0,0,0,1,3,0,0,25,0,0,0,0,3,0,0,0,0,0,0,0,0,0,0,0,0,44,0,3,0,0,0,0,0,0,0,0,12,0,0,24,0,0,0,1,0,0,0,0,0,0,24,0,0,0,0,0,0,0,0,15,0,0,0,0,0,0,0,0,0,0,0,0,4,0,0,0,2,0,0,0,0,0,0,837,0,0,0,75,0,52,0,0,0,0,0,0,0,0,113,0,12,0,0,0,0,0,0,0,0,0,4,0,0,0,0,1,0,0,0,0,0,0,0,0,0,0,0,24,0,0,0,0,0,0,0,52,2,0,17,10,0,23,0,17,185,0,0,0,0,0,5,0,0,0,0,0,27,5,0,0,0,0,12,11,0,16,0,9,0,29,0,0,0,0,0,0,0,0,0,0,0,0,5,0,97,511,0,0,0,0,0,0,0,0,0,0,0,0,0,0,0,0,0,0,0,0,0,0,60,0,0,0,0,0,0,0,0,0,0,0,1,0,0,0,0,0,0,0,0,0,0,0,0,0,8,0,0,0,218,9,0,632,0,0,0,10,85,0,0,0,0,0,0,0,0,0,8,0,0,11,8,117,0,0,0,0,0,0,6,0,473
0,0,0,0,9,0,0,153,0,0,0,0,0,0,0,0,0,0,0,0,0,0,16,0,0,37,0,0,0,0,0,0,15,0,0,0,0,0,0,0,11,0,0,0,0,0,0,0,0,0,0,0,0,0,19,0,0,1,0,0,0,0,0,0,10,0,1,51,0,0,0,39,0,1,0,0,0,0,26,0,0,0,0,0,0,0,17,0,0,0,0,0,0,0,0,1,0,0,0,23,0,0,0,0,0,0,0,0,0,0,0,938,0,0,0,73,0,20,0,0,0,0,0,0,0,0,0,4,0,0,0,0,0,0,1,0,0,0,0,0,0,0,0,0,0,0,0,0,0,49,0,0,0,0,19,35,0,0,0,0,0,14,0,21,15,0,12,8,0,0,0,13,0,60,0,0,0,0,0,0,0,0,0,0,39,19,0,0,32,0,0,0,0,1,0,0,0,0,0,0,0,0,0,0,0,0,0,0,0,0,0,0,45,600,35,0,0,0,0,0,0,0,0,0,0,0,0,0,0,0,0,0,29,0,0,0,0,0,13,0,0,0,0,0,0,6,12,0,0,0,0,0,0,0,0,0,0,0,0,0,0,1,6,0,0,0,58,9,0,840,0,0,0,0,0,0,0,0,0,0,0,0,0,0,4,0,0,21,0,175,0,0,0,0,0,0,1,0,468
0,0,0,0,52,7,0,224,0,0,0,0,0,0,0,22,0,0,0,0,0,0,0,0,0,0,0,0,0,0,0,0,44,0,0,0,0,0,0,0,20,0,0,0,0,0,0,9,0,0,0,0,0,97,0,0,29,0,0,0,1,0,0,0,26,0,0,51,0,16,0,51,0,0,0,0,0,0,78,0,0,0,0,0,0,0,0,0,1,0,0,0,0,20,0,7,1,0,0,2,0,0,0,0,0,0,0,0,0,0,0,1091,0,40,0,32,0,0,0,0,0,0,0,0,0,0,0,11,0,0,0,0,0,0,0,20,0,0,0,0,0,0,0,0,18,0,0,0,0,23,0,0,13,0,20,125,0,0,0,0,0,0,0,0,18,0,55,46,0,0,0,0,0,22,0,0,0,0,107,30,0,0,0,0,65,0,0,0,0,0,10,0,0,1,0,0,0,2,0,17,0,0,0,0,0,0,0,0,0,0,20,0,1,238,153,17,0,0,0,0,0,0,0,0,0,0,0,0,0,0,0,0,0,0,0,0,34,0,0,0,0,0,0,1,0,0,0,0,0,0,0,0,0,0,0,0,0,0,0,0,0,0,33,0,0,0,0,2,0,403,0,0,19,26,19,0,0,0,0,35,82,0,0,0,44,0,0,0,0,330,3,0,53,0,0,0,0,0,638
0,4,0,0,19,0,0,106,0,0,0,0,0,6,0,0,0,0,0,0,0,0,0,0,0,0,0,0,0,0,6,0,6,0,0,14,0,1,0,0,0,0,0,0,0,0,0,0,0,0,0,0,0,14,0,0,27,33,0,0,112,0,0,0,4,2,23,0,0,0,0,0,0,0,0,0,0,0,33,0,0,0,0,0,0,0,0,6,34,0,0,0,0,10,0,0,0,9,0,4,0,0,0,0,0,0,0,0,22,0,0,390,0,7,0,622,0,169,0,0,0,0,0,0,0,0,109,0,0,0,0,0,0,0,0,10,1,4,0,0,0,0,0,0,0,0,0,0,0,14,0,0,0,0,21,49,0,0,0,0,0,0,0,0,0,0,7,3,0,0,0,18,0,30,0,0,0,0,483,0,0,0,0,0,24,0,0,0,0,0,8,0,0,37,0,0,0,23,0,1,25,1,0,6,12,0,0,0,0,0,0,0,197,482,14,0,0,0,6,0,0,0,13,0,0,0,1,0,0,0,0,0,0,0,0,0,122,0,174,0,0,0,0,0,0,0,18,7,0,0,0,0,0,0,0,81,19,0,0,0,0,2,5,0,0,0,21,1,0,769,0,0,0,0,101,7,0,0,0,0,74,1,0,0,10,0,0,5,0,80,0,0,0,0,0,0,0,0,943
0,0,0,0,14,0,0,36,0,0,0,0,0,0,0,0,0,0,0,0,0,0,0,0,0,0,0,0,0,4,0,0,0,0,0,13,0,0,0,0,14,0,0,0,0,0,4,0,0,0,0,0,0,20,0,0,75,72,0,0,10,0,0,0,20,0,109,22,0,0,0,23,0,0,0,0,0,0,35,0,0,0,21,0,0,0,0,0,184,0,0,0,0,0,0,0,0,0,0,0,0,0,0,0,0,0,0,0,0,0,0,423,0,0,0,146,0,204,11,0,0,0,0,0,0,0,41,9,9,0,0,0,0,0,0,0,0,0,0,0,0,0,0,0,0,0,0,0,0,39,0,0,0,0,0,23,0,0,0,0,0,0,0,0,0,0,23,0,0,0,0,0,1,13,0,0,0,1,239,0,0,0,0,0,15,0,0,0,33,0,6,0,0,19,0,0,0,0,0,1,0,0,0,0,0,0,0,0,0,0,0,0,123,317,3,0,0,1,0,0,0,0,0,0,0,0,0,0,0,0,0,0,0,0,0,0,80,0,137,0,0,0,0,0,17,0,12,0,0,0,0,0,0,0,0,0,30,0,0,0,0,0,0,0,0,0,4,0,0,782,0,0,0,0,74,5,0,0,1,0,21,589,0,0,0,0,0,0,0,235,0,0,0,0,0,0,0,0,402
42,9,0,0,16,0,0,280,0,0,0,0,0,0,0,0,0,0,0,0,0,0,0,0,0,0,0,0,0,0,0,0,23,0,0,1,0,0,0,0,3,0,0,0,0,0,0,0,0,0,0,0,1,4,0,0,79,21,0,0,4,0,1,0,22,0,93,27,0,20,0,7,0,0,0,0,0,0,0,0,12,0,0,0,0,2,0,26,232,0,0,0,0,0,0,0,0,0,0,10,1,0,0,0,0,0,0,0,0,0,0,424,0,0,0,38,0,80,0,0,0,0,0,0,0,0,29,3,6,0,0,0,0,0,0,0,0,0,0,0,0,0,4,12,0,0,10,0,0,82,0,0,3,0,14,8,0,0,0,0,0,1,0,0,0,0,6,20,0,0,0,34,0,0,0,0,0,0,97,0,0,0,0,0,13,0,0,0,13,0,0,0,8,1,2,0,0,5,0,0,58,0,0,8,0,0,0,0,0,0,0,0,103,1055,0,7,0,0,0,0,0,0,30,0,0,0,0,0,0,0,0,0,0,0,0,0,35,0,3,0,0,0,0,0,0,0,160,0,0,0,0,0,0,0,0,0,2,0,0,0,0,0,0,0,0,0,15,0,0,666,0,0,0,1,36,16,0,0,0,0,88,0,0,0,0,0,0,0,0,109,0,0,0,0,0,0,0,0,771
